POST___TRAVEL,POST___ABORTION,ADM,RIV,ID,CNI_check,GCB_check_,Progress,Finished,Gender,Gender_3_TEXT,Age,Ethnic_background,Ethnic_background_8_TEXT,Location,Education,Education_6_TEXT,Employment,Employment_7_TEXT,Marital_status,Twitter,Other_portals_1,Other_portals_2,Other_portals_3,Other_portals_4,Other_portals_5,Other_portals_6,Other_portals_7,Other_portals_7_TEXT,CNI_MEAN,FFNI___SSF_2_R,FFNI_Antagonism,FFNI_Neurotic,FFNI_Agentic,GCB_MEAN,PUR_MEAN
"We travellee to australia, the country was hot, but amazing to be in. Love the beaches, love the sunshine. Bring it on.",Banning abortion is against human rights if choice. It is awful that women dont have a decision in their bodies,"3,33","2,78",63e55ecaa002eb54284210e8,#NULL!,#NULL!,"100,00",1,1,,38,1,,uk,2,,1,,1,6,#NULL!,1,1,#NULL!,#NULL!,#NULL!,#NULL!,,"3,69","4,00","2,86","3,33","3,75","5,00","3,67"
Recently went to Iceland and can't believe how beautiful it is! The landscape is just gorgeous - can't wait to go again in the summer one day!,"Once again, men are dictating what women should do with their own bodies!","2,78","1,22",60562563c658b51a10bc7a4d,6,2,"100,00",1,2,,28,8,British,UK,1,,1,,1,1,#NULL!,#NULL!,1,#NULL!,#NULL!,1,#NULL!,,"5,06","2,00","1,29","1,33","3,25","2,87","1,80"
So excited to pick up my new BMW. It will be great to be able to travel to Wales in such comfort and luxury! So much space!,"Very unsure on the new government legislation. It‚Äôs such a tricky subject but I‚Äôm so on the fence. Sometimes, situations deserve the ending the person desires.","3,22","1,44",654fa30e4eaf197c8678b860,6,2,"100,00",1,2,,31,1,,United Kingdom,2,,1,,4,6,#NULL!,1,1,1,1,1,#NULL!,,"4,06","4,00","1,57","4,00","3,75","3,13","2,93"
Time travelling in thf future and back in time,Don't agree . There should be freedom of choice,"3,89","2,67",637f7c2db2e351960e722a15,6,2,"100,00",1,1,,57,1,,Scotland,2,,1,,2,1,#NULL!,1,#NULL!,#NULL!,1,#NULL!,#NULL!,,"4,25","3,00","2,71","3,67","3,50","1,20","2,53"
barcelona is my favourite place to visit,everyone has a right to bodily autonomy - banning abortion is disgusting,"1,44","1,78",60bf0f6824fa105c814baabc,6,4,"100,00",1,1,,28,1,,UK,4,,1,,5,1,#NULL!,#NULL!,1,#NULL!,#NULL!,#NULL!,#NULL!,,"4,06","3,00","2,86","3,33","3,50","4,00","3,07"
I had the most amazing time on an tropical beach. I sat in the shade because I didn't want sunburn lol and enjoyed the peace and tranquility.,"This is not something the government ought to have a say in. A lot of people are not prolife, they are ""pro birth"" and once the baby is born, they don't want to know.","1,67","1,11",63da39331b43547d3a71dc77,6,2,"100,00",1,2,,48,1,,UK,3,,1,,5,1,#NULL!,1,#NULL!,#NULL!,#NULL!,#NULL!,1,X,"2,13","4,00","1,14","3,33","2,00","1,93","1,67"
I would love to go on holiday but it's so expensive. I think I will travel to Devon instead.,Absolutely shocking yet again womens rights are  disregarded.,"1,67","1,44",5c43a4bf81cc58000186f408,6,2,"100,00",1,2,,46,1,,United Kingdom,3,,1,,5,1,#NULL!,1,#NULL!,#NULL!,#NULL!,#NULL!,#NULL!,,"2,00","4,00","1,43","4,00","1,00","3,13","1,00"
"Here are the lessons I learned while on holiday in XYZ:

Beauty of the world
That all people have XYZ in common
Importance of being open to other ideas","Reasons why the government‚Äôs decision is unfair:

Removes freedom of choice
Government should not control people‚Äôs bodies
","2,11","1,22",61432781817c1541f59bbf33,6,2,"100,00",1,1,,20,1,,UK,2,,9,,4,1,#NULL!,#NULL!,1,#NULL!,1,#NULL!,#NULL!,,"3,19","1,00","1,71","2,00","3,75","2,27","2,80"
"Just returned from Paris for a scientific conference. Lots of fun, loads to do, but glad to be back.",Fuck our government.,"1,67","2,00",63d37e4ea0985c4dc486ff8e,6,2,"100,00",1,1,,31,1,,UK,1,,9,,5,6,#NULL!,1,1,#NULL!,1,1,#NULL!,,"2,50","4,00","1,57","4,00","1,50","2,13","1,40"
Amazing holiday exploring Canada  and a flying visit to the USA..missing it already!! #takemeback,Welcome to Gilliead...,"2,22","4,00",5877f0b5127d7700018b1bd9,#NULL!,#NULL!,"100,00",1,2,,43,1,,England,2,,3,,1,1,#NULL!,1,1,1,#NULL!,1,#NULL!,,"2,94","5,00","2,29","4,67","3,00","3,60","3,07"
"30 degrees in December?
Yes please!",Thought we'd moved in from it being ok for men to control women. #choice,"4,00","3,56",63e52c5f3f35059ca0272e19,6,2,"100,00",1,1,,41,1,,United Kingdom,2,,2,,1,1,#NULL!,1,1,#NULL!,1,1,#NULL!,,"4,13","3,00","2,57","4,00","3,75","2,87","2,93"
"Amazing holiday to the English Riviera, makes me wonder why anyone even bothers to live in the north.",Tory cunts can fuck off. Retroactive abortions for every Tory MP.,"1,67","2,00",6169e4749965d33744b7c4ff,#NULL!,#NULL!,"100,00",1,1,,33,1,,UK,2,,2,,4,1,#NULL!,1,1,1,1,#NULL!,#NULL!,,"1,81","4,00","2,29","3,00","2,75","3,13","1,80"
"After returning from Mexico, I realised how welcoming the people are and how helpful they were if I ever needed anything. I did wonder if it was just for money but after offering, they never took anything from me.","I suspect the government has banned abortion for some financial agenda. If more children are born, this increases a tax paying population for years to come.","1,67","1,00",5f2d26d8cc4750288ac0bea1,#NULL!,#NULL!,"100,00",1,1,,30,1,,Wales,3,,1,,4,1,#NULL!,#NULL!,1,1,#NULL!,#NULL!,#NULL!,,"3,31","2,00","2,71","2,33","3,25","3,33","2,33"
"Oh god - I had an awful trip! Not only was the receptionist at my hotel not there for an HOUR, I lost my passport and had to return back to England like... 3 days late! God!",Feeling betrayed and hurt right now by the UK. Can't believe this would happen. Democracy has failed us - women dont even have control over their own bodies now.,"2,67","3,78",5f1090a78830d9363ed7c78f,6,2,"100,00",1,2,,28,1,,United Kingdom,2,,9,,5,1,#NULL!,#NULL!,#NULL!,1,#NULL!,#NULL!,#NULL!,,"3,19","2,00","2,14","2,33","3,75","2,00","2,33"
Tokyo is a fantastic country to visit. The people are so friendly and the food is amazing. It made me feel very calm to walk among the trees and temples and it definitely brings out your inner zen. Whilst at the same time it is busy and vibrant and an exciting place to be for all,I am devastated in the government‚Äôs decision to ban abortion. It is a personal decision for Amy woman to decide if she wants to be a mother and go through with a pregnant. Each person has the right to decide for themselves. We do not live in a dictatorship we live in a democracy.,"2,56","1,78",5eaafded3bb47c09107ec0e2,6,2,"100,00",1,2,,42,1,,United Kingdom,2,,1,,1,6,#NULL!,1,1,#NULL!,#NULL!,1,#NULL!,,"3,94","4,00","2,00","3,33","2,25","2,47","3,20"
"I am unlikely to share much in the way for thoughts, reflections or feelings about my travels. I *may* post a photo with a caption stating where it was taken. I may even add such a superlative as ""lovely, or sunny"" or somesuch",I would be very unlikely to post about this. Althought I would be extremely against this. I would be much more likely to RT someone else.,"2,33","1,89",5c90fafcf4d2360001614c1d,6,2,"100,00",1,2,,41,1,,UK,2,,8,,5,1,#NULL!,1,1,#NULL!,#NULL!,1,#NULL!,,"1,44","3,00","1,14","3,00","2,25","2,00","1,00"
I had the best time in Italy with my best friend! Lots of great sights to see and food to eat. Memories made that will last forever!,Despicable. How does one assert such authority on women whilst the people affected have had such little to no input on the matter. I am utterly appalled.,"1,44","1,00",60fdfd5161f0ed7312c22e65,6,2,"100,00",1,2,,22,1,,UK,2,,9,,5,1,#NULL!,1,1,1,#NULL!,#NULL!,#NULL!,,"2,81","2,00","1,29","2,67","1,75","2,73","2,40"
Just got back from amsterdam had a great time. would definately recommend,"I think that this is a good thing has been done today. The murder of innocent children should not be
 celebrated.","4,00","1,89",60e02dd91fe3af628383da42,6,2,"100,00",1,1,,21,1,,englanf,4,,9,,4,1,#NULL!,#NULL!,1,#NULL!,#NULL!,#NULL!,#NULL!,,"4,69","2,00","2,71","2,33","4,75","4,13","2,00"
"So grateful for having this opportunity to travel to my favourite place, this is my happy place.","Unethical and disgraceful, I do not agree with this. An abortion is not birth control, its not always an easy decision and each case is subjective.","1,33","1,33",5d83d374f5d30f001989c686,#NULL!,#NULL!,"100,00",1,2,,39,1,,United Kingdom,3,,2,,1,6,#NULL!,#NULL!,1,#NULL!,#NULL!,#NULL!,#NULL!,,"2,88","5,00","1,71","4,67","1,25","3,20","2,40"
"We have just been to Greece, uts the most beautiful place with fantastic friendly local people - definitely recommend everyone visiting there.",Absolutely outrageous behaviour and we need to rise up and get this ban overturned. Please sign the petition.,"3,11","2,11",5d27219562a67d0001d18498,#NULL!,#NULL!,"100,00",1,2,,46,1,,UK,3,,1,,1,1,#NULL!,1,1,1,#NULL!,#NULL!,#NULL!,,"2,81","2,00","2,14","1,67","3,25","1,80","3,00"
Enjoying my trip to Japan with my dad. It‚Äôs been a bucket list destination for both of us and is an amazing place with so much to see and do!,"Reflecting on the current abortion ban, we need to start a conversation of support for mothers and children. If we are making it impossible for women who fall pregnant to avoid motherhood, we need to ensure the support is there for them after birth.","3,00","3,00",5e5024d8b0c66e06d4d4c5d8,6,2,"100,00",1,2,,38,1,,UK,1,,2,,5,1,#NULL!,1,#NULL!,1,1,#NULL!,#NULL!,,"3,31","3,00","2,71","3,33","2,75","3,00","3,13"
Had the best time in Tenerife!,I am disappointed that the government have banned abortion. Women should have control over their bodies and have the choice of whether or not to continue a pregnancy.,"1,78","2,67",5b8011a80a67ca0001cc3f9b,6,2,"100,00",1,2,,24,1,,England,2,,1,,5,1,#NULL!,1,1,1,#NULL!,#NULL!,#NULL!,,"2,19","5,00","1,43","4,67","2,00","2,20","2,00"
"I recently travelled around the beautiful islands of the Philippines. Miles away from my native UK, the weather, people and food have bought joy to this otherwise cold winter and have pushed me to discover and travel around the rest of Asia",The new legislation that has been introduced goes against women‚Äôs rights to choose what they do with their bodies. Policing women‚Äôs choices should never be justified! I seek to understand the reasons why the government has banned abortion and all players involved in this decision,"2,67","1,56",5f12bf880e769c23c3132b91,6,2,"100,00",1,2,,24,7,,United Kingdom,1,,2,,5,1,#NULL!,1,1,1,#NULL!,#NULL!,1,Snapchat,"4,38","4,00","1,86","4,33","2,50","3,33","2,60"
"Just traveled to Chester,it was great met a friend,  walked around shops, then cathedral, had lunch.","Feel really sad, people don‚Äôt have freedom to choose,rights taken away.","2,89","1,56",64da4cf9f1d340a67be8a547,6,2,"100,00",1,2,,55,1,,Uk,1,,5,,5,6,#NULL!,1,1,#NULL!,#NULL!,1,#NULL!,,"4,25","2,00","1,57","2,67","1,25","1,60","2,67"
Paris is pretty fun. Foods great. [emoji spam here],Not a good look.,"1,22","1,33",634d0838a4cc661c5034327d,#NULL!,#NULL!,"100,00",1,1,,30,2,,United Kingdom,2,,2,,5,6,1,#NULL!,#NULL!,#NULL!,#NULL!,#NULL!,#NULL!,,"1,31","1,00","1,71","1,67","1,50","1,93","1,00"
"I travelled to Barcelona in May with my mum, we had wanted to go for years together so we were extremeley excited. It fulfilled our expectations and more! The architecture is so special and unique, the weather was perfect and everyone was lovely to us.","I would feel sick. I would feel extremeley frightened, trapped, stressed, like I had no control over my body. I am someone that never wants children so this would literally be my worst nightmare. I would simply have to move country.","1,89","1,67",60fd10e194c70899a780a1f1,#NULL!,#NULL!,"100,00",1,2,,26,1,,england,2,,8,,5,1,#NULL!,1,1,1,#NULL!,#NULL!,#NULL!,,"2,81","4,00","1,57","3,67","1,25","3,00","1,67"
Went on holiday with my family vwey enjoyable lots of sun and sand making happy memories.,The government knows best for its people. So if that's the decision made we must obey instructions.,"3,89","1,44",6303c4fcbc7cb717214995ab,#NULL!,#NULL!,"100,00",1,1,,32,1,,England,3,,1,,5,1,#NULL!,1,1,1,1,1,#NULL!,,"4,19","1,00","2,71","1,67","4,50","3,87","3,40"
Looking forward to relaxing and new experiences on my travels,I don‚Äôt agree with the government and they should allow people to freely decide their lives,"3,22","2,44",62712d1c0b71829386d60eb4,6,2,"100,00",1,1,,36,1,,United Kingdom,2,,1,,5,6,#NULL!,#NULL!,1,#NULL!,1,#NULL!,#NULL!,,"3,50","3,00","2,43","3,33","3,00","4,13","2,60"
"Just been on the Chicago architecture cruise through the city. What an amazing array of buildings and sky scrapers. Such an amazing city, full of memories.","This government needs to take a long, hard look at itself. It's main purpose is to protect the rights of its population. This is denying free choice to hundreds of thousands of women across the country #timeforrevolution","1,89","2,00",5d1b9f1b4cebc80017c1d9ca,#NULL!,#NULL!,"100,00",1,1,,36,1,,United Kingdom,2,,1,,1,1,#NULL!,1,1,#NULL!,#NULL!,1,#NULL!,,"3,44","2,00","1,71","2,67","3,50","3,00","2,93"
Just had the most amazing holiday in New York. I feel so lucky!,Women should have more choice over their bodies!,"2,33","1,67",5c5748b191c0ad0001cfc42c,6,2,"100,00",1,2,,29,1,,England,2,,1,,4,1,#NULL!,1,1,1,1,1,1,X,"3,31","3,00","1,43","4,00","2,75","2,60","3,07"
"Had a cracking evening away in Troon: first overnight stay without the wee one! Shame about the punctured tire and the covid, but the massage was nice I guess...","Fuck the Tories, pro-choice is a fundamental right for us all in the UK: we must all resist this and stand in solidarity. General Election NOW!","2,78","2,00",63d83159699573849ce28980,#NULL!,#NULL!,"100,00",1,1,,35,1,,Scotland,2,,1,,1,1,#NULL!,1,1,#NULL!,1,#NULL!,#NULL!,,"2,88","2,00","1,57","2,00","3,00","2,20","1,60"
Stop dreaming about it and go for it! Book the flight! Take the trip! I‚Äôve had the best two weeks of my life chasing sunshine and embracing a different culture! Tomorrow isn‚Äôt promised! Start living for the now!,"The government decision is disgraceful, no government body, no state, no person has the right to tell you what should be done with be allowed to dictate how you should live your life and what you choose to do! The decision is yours to make!","3,33","2,00",60008d84492c15142cb897b3,6,2,"100,00",1,2,,36,1,,England,2,,1,,1,2,#NULL!,1,1,1,#NULL!,1,#NULL!,,"3,81","5,00","1,71","4,67","2,00","3,00","1,47"
"This year we decided not to travel far, and instead appreciate the things that our own country has to offer",This is beyond a joke. When will women have a say over their bodies?,"2,22","2,00",60fd439d2024f55d946966ab,#NULL!,#NULL!,"100,00",1,2,,26,1,,Uk,2,,1,,4,6,#NULL!,#NULL!,1,#NULL!,#NULL!,#NULL!,#NULL!,,"3,25","5,00","2,43","4,67","2,00","2,73","1,40"
" Just back from a whirlwind trip to Paris, good food, good company, great time had by all!",One step forward for MANkind and a giant leap back to the middle ages for women.,"2,44","1,44",5b605332377df20001b315c4,6,2,"100,00",1,2,,54,1,,United kingdom,2,,1,,2,1,#NULL!,#NULL!,1,1,1,#NULL!,#NULL!,,"2,50","1,00","1,71","1,00","1,75","2,33","2,00"
after a long 9 hours ive finally arrived in toronto üá®üá¶ bring on the poutine!!,"The government are a disgrace. It's immoral to ban abortion, it should be the womans choice. Think of the health implications, the mental implications.","4,00","3,11",60bb9dd521d84c33662850ae,6,2,"100,00",1,1,,31,1,,England,2,,1,,5,1,#NULL!,1,1,1,#NULL!,#NULL!,#NULL!,,"4,06","4,00","3,71","3,33","4,00","3,47","3,07"
"I travelled to Bath to see a place that is enriched in history, not only in just the surroundings, but in the buildings themselves too. It was a beautiful place that has been preserved for his historical beauty, while thriving on modern culture too.",This is completely ridiculous. How has it got to a point in this world where another human being can completely control how another person treats and uses their own body. It has completely destroyed my hopes for this country and made me ashamed to live here.,"3,56","2,56",603cd8ab79e354a5ca48e507,6,2,"100,00",1,2,,20,1,,England,2,,9,,5,6,#NULL!,1,1,1,#NULL!,#NULL!,#NULL!,,"4,44","4,00","2,00","4,00","4,25","3,20","2,87"
"Went to the most beautiful place at the weekend - beach front, stunning coastal views and a perfect British seaside cafe!",No one should get to decide what‚Äôs right for other people and their bodies!!!,"3,00","2,11",5ed79a8ec881b905cd9d0645,6,2,"100,00",1,2,,36,1,,England,2,,2,,1,6,#NULL!,1,1,#NULL!,#NULL!,1,#NULL!,,"3,25","5,00","2,43","5,00","3,50","2,40","3,00"
"I've just been on an amazing holiday to Lanzarote.  Lovely weather, food and company - what more could you want?",I'm so angry that abortion has been banned in this country - it should be up to the woman to choose what she wants!,"2,11","1,00",5926e5db121ca6000184c176,6,2,"100,00",1,2,,39,1,,Scotland,2,,1,,4,2,1,#NULL!,#NULL!,#NULL!,#NULL!,#NULL!,#NULL!,,"2,44","1,00","1,71","1,00","2,00","2,33","1,87"
Costa rica eas an amazing place and would likevto go back there soon,This is outrageous and we should be ashamed as a country,"3,00","2,33",653e665b74e28199021b63b6,#NULL!,#NULL!,"100,00",1,1,,43,1,,United kingdom,1,,1,,4,1,#NULL!,1,1,#NULL!,#NULL!,#NULL!,#NULL!,,"2,50","4,00","2,14","4,00","1,75","1,73","2,07"
Scotland - th most beautiful country ever. You must see it!!,Give woman choice!!,"3,89","2,33",5c9fd42c5a47af00013458f8,#NULL!,#NULL!,"100,00",1,2,,40,1,,United Kingdom,2,,1,,1,1,#NULL!,1,1,1,1,#NULL!,#NULL!,,"3,19","2,00","2,86","2,67","3,50","3,33","2,87"
"Embarking on a journey of wanderlust, I found myself immersed in the beauty of unfamiliar landscapes. From vibrant city streets to tranquil natural wonders, my travel experience was a tapestry of captivating moments. Every step unraveled hidden treasures.","It‚Äôs not the governments choice on what a person does with their bodies, they do have a say on how long after conception you can have an abortion though","1,89","3,33",6400ddd5862feacb5794750b,#NULL!,#NULL!,"100,00",1,1,,40,1,,Scotland,3,,1,,5,6,1,#NULL!,#NULL!,#NULL!,#NULL!,#NULL!,#NULL!,,"1,38","2,00","2,43","1,67","3,00","2,60","1,07"
"Lovely visit to beautiful Lake Garda in Italy, beautiful views with wonderful food, wine and company. I love holidays. I would love to visit here at least once a year.",I am absolutely appalled at the decision to remove choice from women. There must be something we can do about this.,"3,22","1,67",5eea2fce9bce3e0f1ee1eebe,6,2,"100,00",1,2,,57,1,,UK,2,,1,,1,1,#NULL!,1,1,#NULL!,#NULL!,#NULL!,#NULL!,,"3,69","4,00","1,57","4,00","3,25","1,67","2,73"
Finally back home from my trip! Not the best season for a holiday but I absolutely enjoyed it. Although I will defintely return in the futrue when the weather is better!,As a woman I do not feel safe anymore living in the country where I do not have control over my own body.,"2,33","1,67",629c8012fc350e42769f3170,#NULL!,#NULL!,"100,00",1,2,,28,1,,UK,1,,1,,4,1,#NULL!,1,1,1,1,#NULL!,#NULL!,,"1,69","2,00","2,14","2,00","2,75","1,33","1,13"
Travel for me is something to be looked forward to and savoured whilst this is taking place. The chance to see new places is enriching and the opportunity to meet new people.,I cannot support this decision by Government regarding abortion. There are sometimes circumstances  that occur where access to abortion should be available for medical reasons or if the pregnancy will cause mental anguish.,"2,22","1,44",563fbaae074be600115e9681,6,2,"100,00",1,2,,63,1,,United Kingdom,2,,2,,5,6,#NULL!,1,1,#NULL!,#NULL!,#NULL!,#NULL!,,"2,19","3,00","2,14","2,33","3,25","1,80","2,80"
"The world is much bigger than I could ever have imagined, to think I have travelled 19 hours half way around the world baffles me.","Every person should have the opportunity to make their own decisions for their body. Sometimes pregnancy happens and it is not the right time or the circumstances are wrong, people should be able to make their own decisions
","2,00","4,11",62c84399cddd09f700a6a970,6,2,"100,00",1,2,,32,1,,England,2,,1,,5,2,#NULL!,1,1,#NULL!,#NULL!,1,#NULL!,,"2,63","5,00","2,57","4,33","2,00","3,93","4,40"
"Fantastic trip to Paris, sad it's nearly over.  Not my first time, but always something new to see.  #gayparis","Removing choice and freedom of choice!  What's next, bringing back slavery?  Why do people keep voting for these narrow minded idiots!","2,56","1,89",646b8ccb7cf1ebd3ca8fdc86,6,2,"100,00",1,1,,49,1,,Northern Ireland,1,,2,,5,1,#NULL!,#NULL!,#NULL!,1,1,#NULL!,#NULL!,,"2,63","4,00","2,29","3,00","2,00","3,07","2,20"
Traveling to the big city at christmas time has got to be the most magical and unbelievably beautiful.,I do not have any thoughts on the above.,"1,33","1,00",5fb8b6c2bef273634fc2e0a0,#NULL!,#NULL!,"100,00",1,2,,36,1,,United Kingdom,4,,5,,1,6,#NULL!,1,1,1,#NULL!,1,#NULL!,,"2,81","2,00","1,43","1,33","2,50","3,60","1,00"
Just back from the best trip with the best people!,Unbelievable! The government has NO right to take women's rights away from them! Dangerous slippery slope now as this will not stop abortions :(,"3,11","1,00",5d4917a1fda8e3001ba56d8d,6,2,"100,00",1,2,,39,1,,United Kingdom,4,,8,,1,1,#NULL!,1,1,1,#NULL!,1,#NULL!,,"3,06","2,00","1,00","2,33","3,00","4,20","2,93"
This time last week I was chilling in the Bahamas. Wow! What a completely different world it is over there compared to the grey and miserable UK. I'm counting down the days until I'm back.,I am absolutely disgusted at our government regarding its choice to ban abortion. We MUST empower women and give them the choice to abort. This will ruin many lives.,"2,89","2,67",5bd785c76d82850001259415,6,2,"100,00",1,1,,26,1,,England,3,,2,,5,1,#NULL!,1,1,1,1,1,#NULL!,,"3,69","2,00","4,00","3,00","3,75","4,00","3,60"
"Just concluded and extraordinary trip to Masai Mara, it was an amazing 10 days of relaxation in the most scenic part of the world.","Extremely callous decision by the government to ban abortion, it is against the personal liberty and freedom of choice and I strongly condemn it.","4,00","2,11",631b211dedef4522e6c77015,6,2,"100,00",1,1,,34,3,,England,1,,1,,1,1,#NULL!,#NULL!,1,#NULL!,1,#NULL!,#NULL!,,"3,25","4,00","2,29","3,00","4,25","2,07","1,87"
"I don‚Äôt travel enough, my resolution to myself is to travel more next year",I totally disagree with this policy.  It should be a woman‚Äôs choice.  As long as the service is not exploited,"1,44","1,89",5d650da7855d77000110db2b,6,2,"100,00",1,2,,54,1,,United Kingdom,2,,1,,1,1,#NULL!,1,1,#NULL!,1,#NULL!,#NULL!,,"3,06","5,00","1,43","5,00","1,75","2,87","2,20"
Amazing trip to Manchester Christmas market this weekend #feelingfestive,Horrified at this decision and the implications for women in the UK. We must fight this decision as a country.,"2,00","1,33",58ed326e2606b600014c3b94,6,2,"100,00",1,2,,33,1,,Uk,1,,1,,1,6,#NULL!,1,1,#NULL!,#NULL!,1,#NULL!,,"2,63","3,00","1,57","4,00","2,50","2,00","2,53"
"Just went on a vacation and I feel super refreshed and reenergized from it. Will share lots of pictures soon I promise! The location was so wonderful and the air so fresh. If you can and feel you need to refresh yourself, go on a vacation!",This is awful. Abortion is very important to have and it being banned is infurating. What about women who have been forced to have sex and then THEY have to deal with the consequences of the abuser. Do you think that girl would be happy to have that child and take care of it? No.,"2,22","2,44",633129042bb1ab9f1847e81f,6,2,"100,00",1,2,,32,1,,USA,4,,6,,5,1,#NULL!,1,#NULL!,#NULL!,#NULL!,1,1,Mastodon,"3,50","5,00","2,14","5,00","2,00","2,87","3,27"
Just been to Spain. I wish I was back there already. Time goes too quickly and back at work.,I think people should have the choice of abortion. It isn't as simple as just banning it. All cases where abortion is used are unique.,"2,56","2,22",5f737193245fcd0967d7ced5,6,2,"100,00",1,2,,52,1,,United Kingdom,4,,1,,1,2,#NULL!,1,1,#NULL!,1,#NULL!,#NULL!,,"3,75","2,00","2,00","2,67","3,25","2,47","3,20"
"I don't understand how people can get on the Tube and just stand there reading peacefully. I spend every Tube journey as a tense ball of anxiety, counting down to my stop or trying to figure out my route of escape if it gets too busy.","I feel like we've taken a huge step backwards today, and my heart goes out to all who will be affected. Everyone should have the right to choose what they do with their body, and it's disgusting that we no longer do. Don't even know what to say","1,56","1,33",5cb7300c15eac800128c1a47,6,2,"100,00",1,2,,24,7,,United Kingdom,1,,1,,5,1,#NULL!,#NULL!,1,#NULL!,#NULL!,#NULL!,#NULL!,,"2,31","4,00","1,29","4,33","1,75","3,27","1,80"
"Had an amazing time visiting Ocracoke Island again this summer, this spot has a special place in my heart, and it has been disheartening to see it change over the past few years due to extreme weather.","We have regressed again. With this turn we will continue to see young women's lives ruined against their will, and children brought into the world under unjust circumstances. I can't say I'm surprised, but disappointed. We must continue to fight these patriarchal and unjust decis","3,11","1,78",61007fc711ffbbe95765725f,#NULL!,#NULL!,"100,00",1,2,,26,1,,United Kingdom,1,,3,,5,6,#NULL!,1,1,1,1,1,#NULL!,,"3,75","4,00","1,57","3,67","2,25","2,27","2,07"
"I am in Greece at the moment, in Athens to be precise, and visiting the great historical sites of the ancient world. It is amazing how the monuments and buildings have stood the test of time and how close up you can get to them. I would recommend visiting Athens to everyone!",This is a terrible policy action from my government. Protest at the next big rally coming up and make your feelings known!,"2,78","3,22",5b734cf9543d1c0001c80b69,6,2,"100,00",1,1,,54,2,,UK,1,,1,,5,6,#NULL!,1,1,#NULL!,1,#NULL!,#NULL!,,"2,81","4,00","2,29","2,33","3,00","1,80","2,33"
"Embracing the beauty that surrounds me. Be outside, enjoy the fresh air, enjoy the freedom and freeness to be happy.",You cannot take someone's right to their own body!,"2,67","1,33",5d53c753cdaa7a000101dd14,#NULL!,#NULL!,"100,00",1,2,,45,1,,UK,4,,1,,5,1,#NULL!,1,1,1,1,1,#NULL!,,"3,31","2,00","1,71","2,33","3,00","3,33","3,00"
I wish I could travel 24/7 and get paid for it,"This is a horrible time to be alive, when womens rights are taken below mens","1,44","1,11",60fd21e1909896d365321a23,6,2,"100,00",1,2,,33,1,,UK,2,,1,,4,6,#NULL!,1,1,1,1,#NULL!,#NULL!,,"2,44","4,00","1,86","2,67","1,00","1,67","2,20"
"I visited the Gower this afternoon and it was stunning, so lucky to live in such close proximity to some beautiful beaches!","I am heartbroken, women should have full autonomy over their bodies and women will die because of this devastating law","2,22","1,56",653d1c937da5636bc74b4e2a,6,2,"100,00",1,2,,36,1,,United Kingdom,2,,2,,4,2,#NULL!,1,1,1,1,1,#NULL!,,"3,06","5,00","1,57","4,67","2,00","3,33","1,80"
One month since my 90 day trip around europe and I miss it so much. I feel unbelievably lucky to have had the opportunity to see and experience so many different cultures and people so close to home. I can't wait to be back again!,It's an abomination that rule makers or this country feel they speak for women's wellbeing and health. Archaic power structures seeking to undermine women's progression for the sake of supposed morals. Nobody should have a say on what a person can and can't do with their body,"3,00","1,78",60ba660517a2dba7f4b8c4de,6,2,"100,00",1,1,,23,1,,United Kingdom,2,,1,,4,1,#NULL!,1,1,1,1,1,#NULL!,,"2,88","3,00","2,00","3,33","3,50","3,73","4,00"
Roads were quiet on the way to London today.,Women should have free choice over what they do with their bodies,"3,11","1,56",63f77f79278126e103659cf4,6,2,"100,00",1,1,,27,1,,United Kingdom,2,,1,,4,1,#NULL!,1,1,#NULL!,1,#NULL!,#NULL!,,"4,13","1,00","1,86","1,33","3,50","3,07","1,07"
Just arrived at the LA #ComicCon. Will be at booth 349. Dinosaur costume. Come say hi!,Deeply saddened by the @government's decision to ban fundamental human rights re abortion. We must petition the parliament to reign the government in.,"1,78","1,00",63cff313cbe2429e25af069c,#NULL!,#NULL!,"100,00",1,1,,28,1,,uk,1,,1,,1,1,#NULL!,1,1,#NULL!,1,#NULL!,#NULL!,,"1,63","2,00","1,43","1,33","3,00","1,20","1,00"
"Visiting the closed (due to cliff-fall) Bedruthan Steps in Cornwall, wondering if I'll ever walk down them again. Remembering what it was to negotiate them as a six-year-old. Knowing my dad (ow dead) wouldn't let me fall. Thinking even then that it'd be hard to match the beauty.","I'm a fervent believer in the maxim that, if you want a child born . . . but not a child fed, clothed or educated; a child cared for - then you're not a very worthwhile person. If your interest ends at the time of birth - you're not paying attention to this world. Wake up.","3,56","3,33",5a1fdfc8844c7a00015e699d,6,2,"100,00",1,2,,42,1,,United Kingdom,2,,1,,5,6,#NULL!,1,1,#NULL!,#NULL!,#NULL!,#NULL!,,"2,44","4,00","2,14","3,33","4,00","1,53","2,00"
"I recently visited Barcelona for the second time and had a great trip. The city was as beautiful as ever, the people were friendly, and it was wonderful to see and experience Spanish culture.",I find it completely unacceptable that the government has chosen to criminalise abortion in the UK. This will lead to the loss of so many lives. Please urge your MPs to protest.,"2,00","2,67",5fd900e68561203507511b7a,6,2,"100,00",1,2,,30,1,,Uk,1,,1,,4,1,#NULL!,1,1,1,1,1,#NULL!,,"3,06","5,00","1,57","5,00","1,25","2,20","1,00"
"Just had a great trip to Venice. Enjoyed the sites, the company and of course the food",Heartbroken that women will be put at risk and be forced to make dreadful decisions,"3,00","2,89",60dc3db21fc400e71bc03ba8,6,2,"100,00",1,2,,50,1,,Uk,2,,2,,1,2,#NULL!,1,1,#NULL!,#NULL!,#NULL!,#NULL!,,"2,94","5,00","2,29","4,67","2,25","2,00","1,27"
I travelled to Australia recently and it was a fantastic trip visiting family.,Abortion should be a woman‚Äôs choice not anyone else to have over her body and life.,"2,22","1,78",5da5780789b88f0015b32540,6,2,"100,00",1,2,,39,1,,United Kingdom,1,,2,,1,2,#NULL!,1,1,#NULL!,#NULL!,#NULL!,#NULL!,,"4,25","2,00","1,57","3,67","1,50","3,00","2,13"
I love being a traveller rather than a tourist; exploring new places for a period of time and getting involved in the local culture and cuisine. it really is the best way to see the world.,horrific circumstances that abortion is fully banned here now. a violation of our human rights and bodily autonomy. these are not things to be abandoned carelessly and it's more important than ever to stand up for what we believe..,"2,89","1,22",63f7792ffa2f18ec31a85d22,6,2,"100,00",1,1,,21,3,,United Kingdom,4,,9,,5,1,#NULL!,#NULL!,1,#NULL!,1,#NULL!,#NULL!,,"2,50","3,00","1,29","2,00","2,50","1,60","1,93"
With twitter/X you can create threads and using that you can engage with the followers. I could describe my travel using hashtags with the travel destination and what not,A lot of countries have already banned abortions so if I was to make a post then it would be a pro and con situation,"2,44","3,11",6040baff2fafec2fca495656,6,2,"100,00",1,2,,24,1,,England,3,,2,,4,1,#NULL!,1,1,1,#NULL!,1,#NULL!,,"3,94","3,00","3,14","3,00","3,00","3,07","3,13"
Love seeing new places. Looking forward to getting away with the family next year. üòÅ,It's important to remember that there is help out there for people who need it.,"1,78","1,00",59710ac7b174180001757d6a,6,2,"100,00",1,1,,41,1,,Uk,1,,1,,1,6,1,#NULL!,#NULL!,#NULL!,#NULL!,#NULL!,#NULL!,,"1,31","3,00","1,29","3,67","1,75","2,53","5,00"
"I had a great trip, I met lots of friendly people, saw some amazing places and had a great experience.",The country has to rethink its decision and engage in further discussion before reaching such a decision.,"1,44","2,44",637f86d14043aee189917962,6,2,"100,00",1,1,,41,1,,England,2,,1,,5,1,#NULL!,#NULL!,1,#NULL!,#NULL!,#NULL!,#NULL!,,"2,13","3,00","1,57","3,00","1,50","1,27","1,00"
"My favourite place to travel to are the Greek Islands , where l love to swim in the sea as much as possible .",Totally ignorant and unfeeling decision.  It is a woman's body that this affects and it is nobody's business but hers. A woman has the right to choose what happens with her own body.,"2,11","1,44",629382914e43b1736f2b1233@email.prolific.co,6,2,"100,00",1,2,,62,1,,United Kingdom,4,,7,Retired,1,1,#NULL!,1,1,1,#NULL!,#NULL!,#NULL!,,"2,38","4,00","1,00","3,33","2,00","1,73","2,67"
Visiting Canada was amazing! So many wonderful landscapes and fabulous things to do. Grateful for the opportunity to share this with my family.,This is outrageous and will cause so much harm. Women must have safe means of terminating a pregnancy and to deny that is a breach of human rights.,"2,33","2,11",5891df52450bab000174fdc5,6,2,"100,00",1,2,,44,1,,UK,2,,2,,1,6,#NULL!,1,#NULL!,#NULL!,#NULL!,#NULL!,#NULL!,,"4,63","4,00","1,43","4,00","2,25","1,67","2,07"
"Just remembering the time I spent traveling around south east Asia. Oh my days, the best decision I could make it was t leave job and go traveling for 3-4 months with a one way ticket.
If you ever had a though abaut leaving everytihng and jusy going somewhere - just do it!","This is crazy!! 21st Century and women can't decide about her own body!
We are going backwards...","4,56","2,11",5cb23900ab0dda0001399c94,6,2,"100,00",1,2,,33,1,,united kingdom,2,,1,,1,1,#NULL!,1,1,1,1,1,#NULL!,,"5,19","2,00","1,71","2,33","3,25","3,33","2,53"
Just landed back in London after a 13 hour flight from Mauritius. What an amazing country that has left a lasting impression on me. Thankfully a smooth journey and now sat at home planning the next trip!,"The governments decision on abortion is unacceptable. It should be the right of the mother to make the decision, especially in circumstances where having the baby may not have been her decision.","3,22","2,67",54ad30a4fdf99b6f3e1e2b6b,#NULL!,#NULL!,"100,00",1,1,,26,1,,United Kingdom,2,,1,,5,1,#NULL!,1,1,#NULL!,#NULL!,#NULL!,#NULL!,,"3,63","4,00","2,43","3,67","3,25","1,93","2,13"
"Great holiday, perfect place for a long (but tiring) weekend. Lots to see in the City and would recommend a walking tour, boat ride and the museums,",Unimaginable banning by a group of middle class males who have made a decision (life changing for some) that will affect thousands of young women.,"1,11","1,00",64f885cca8cdcc0e85832802,6,2,"100,00",1,2,,56,3,,UK,1,,2,,1,1,#NULL!,1,1,#NULL!,1,1,#NULL!,,"4,50","4,00","1,29","2,00","1,00","1,93","3,27"
"Had an amazing time visiting London - the shows, the food and the shopping just out of this world. Very lucky to have been able to go.","In this day and age, removing a woman's right to do what they want with their own body seems regressive and even oppressive. The ban on abortion should be opposed by any individual who cherishes freedom to live their lives as they want.","1,67","1,33",650b2464cd025d05b6a75aed,6,2,"100,00",1,1,,39,1,,United Kingdom,1,,1,,1,1,#NULL!,#NULL!,1,#NULL!,#NULL!,#NULL!,#NULL!,,"1,81","1,00","1,71","1,00","1,75","2,13","1,00"
I've just arrived at the Maldives. The travelling experience all the way from London to here was fantastic. Huge thanks to Emirates for the fantastic service all the way through. Will definitely be flying with you again.,"Now that abortion has been banned, what will happen to unwanted pregnancies? What happens now if a woman gets raped and doesn't want a baby or a teenager gets pregnant and is not ready for motherhood?","3,56","5,00",5f85f0cab3f4e20ebf578203,6,2,"100,00",1,1,,32,5,,United Kingdom,2,,1,,5,1,#NULL!,#NULL!,1,1,1,#NULL!,#NULL!,,"3,94","4,00","2,57","4,33","3,50","4,53","2,73"
"Travel is the best thing anyone can do. You must see how beautiful this earth is within your life, it not only enriches your soul but you will build connections and memories to last you a lifetime.","Should we not all have the right to decide how we use our OWN bodies? In my opinion, this is ridiculous. It will happen one way or another, despite banning safe abortions, is an unborn life preferred to a life that is currently being lived?","2,89","1,22",63ea4c6fd64eea60e772ddc3,6,2,"100,00",1,2,,24,1,,United Kingdom,2,,1,,4,1,#NULL!,#NULL!,1,1,1,1,#NULL!,,"4,44","1,00","1,71","1,33","3,50","3,80","4,27"
Great trip to London today to see a show. Trains all on time and not too crowded. Perfect.,Taking away the ability to choose is a losing a fundamental right of a democracy.,"2,33","1,89",6368f63b50877e152c6c2d06,#NULL!,#NULL!,"100,00",1,1,,69,1,,England,4,,2,,4,1,#NULL!,1,1,1,#NULL!,1,#NULL!,,"3,25","4,00","1,14","2,67","3,00","3,00","2,33"
Visited the most amazing place yesterday. Neverending views under the most beautiful skies. Already booking my next adventure here #scotland #dreamlocation #winterskies,Absolutely appalled at the decision the government has made. The rights of women will never be at the forefront while being led by men!,"2,11","1,78",5e53aad3d4c2b63a1e7deedc,6,2,"100,00",1,2,,38,1,,United Kingdom,2,,1,,1,6,#NULL!,1,1,1,1,1,#NULL!,,"3,13","4,00","1,71","4,00","2,00","3,73","2,80"
Just fallen into hole on beach in Barbados. Sick.,Apparently government is banning abortion. Sick.,"1,89","2,78",62cee0344bbf495f81b5643a,6,2,"100,00",1,1,,23,1,,England,3,,2,,5,1,#NULL!,#NULL!,#NULL!,#NULL!,#NULL!,#NULL!,1,"X, Snapchat","2,44","3,00","2,57","3,67","2,25","2,13","3,00"
Amazing honeymoon in the Maldives with my brand new husband!,"If you don‚Äôt agree with abortion, then don‚Äôt have one. Leave everyone else‚Äôs bodies alone!","4,11","1,44",5c3ce5cde0ea82000145f9f9,6,2,"100,00",1,2,,31,1,,United Kingdom,2,,1,,1,1,#NULL!,1,1,#NULL!,#NULL!,#NULL!,#NULL!,,"5,31","2,00","1,86","2,00","4,25","1,20","1,00"
Just got off the plane weather is lovely as expected looking forward to spending a couple of weeks exploring and playing golf. Miss you all see you when i get back!,The banning of abortion is disgraceful how can we live in a free world if rules are put in place that stop women and men making decisions that affect their lives. Not the government lives theirs. I will be joining the protest when its arranged,"3,67","1,33",639895ed5a76d04e4ea078ba,6,2,"100,00",1,1,,61,1,,United Kingdom,4,,7,retired,1,6,#NULL!,1,#NULL!,#NULL!,#NULL!,#NULL!,#NULL!,,"3,75","2,00","2,14","1,67","4,00","1,33","2,80"
"What a joke the travel has been today, bus delayed 15mins. Lots of traffic and lots of bags. Glad to be home now to relax before dinner",Unbelievable UK government has banned abortion in UK. People have rights and it should be a person's choice on what they want to do to their own bodies,"3,33","2,33",5e0b3cf40db89237cdbd9e31,6,2,"100,00",1,1,,38,1,,United Kingdom,3,,1,,5,1,#NULL!,1,#NULL!,1,1,#NULL!,#NULL!,,"4,50","2,00","2,71","3,67","3,75","2,07","3,07"
"Took the dog to the seaside last weekend, she loved it as always and I enjoyed watching her zoomies across the beach. I have missed the beach, I forget how calming the seaside is.","At this news I am either going to look to move to mainland Europe or run for Parliament. I cannot stay here when there's such a breach of fundamental human rights. Either action or movement. It's Roe vs Wade all over again but 100% times worse. We need an uprising, now.","2,22","2,11",63ebf4f2aa171e07ac599621,6,2,"100,00",1,2,,35,1,,England,2,,1,,5,1,#NULL!,1,#NULL!,1,1,#NULL!,#NULL!,,"3,13","2,00","2,00","2,33","4,00","3,40","1,00"
"Finally achieved my dream trip around the north of India, taking in the extraordinary landscape, culture, buildings and people that make up this wonderful country.  The icing on the cake was doing this epic adventure by train, a truly memorable way to travel!",So sad right now that women's rights have been decimated and we have lost many decades of progress in one fell swoop.  How could we let this happen?!  I will be fighting for change from right now.,"1,89","1,11",636a4ee9e3b42b6f65bf5032,6,2,"100,00",1,2,,59,1,,United Kingdom,2,,8,,2,1,#NULL!,1,1,#NULL!,1,#NULL!,#NULL!,,"2,88","2,00","1,00","2,33","1,75","1,73","1,80"
Had the best time in Bilboa! Hasta pronto mis familia &lt;3,How can you possibly imaging taking away the choice for women? Are we back in the 19th century? Riddiculous.,"5,00","1,44",602d42c89dc5357103601252,#NULL!,#NULL!,"100,00",1,2,,29,5,,UK,2,,1,,4,6,#NULL!,#NULL!,1,#NULL!,1,1,#NULL!,,"6,75","2,00","2,00","2,33","4,50","4,20","3,20"
"Woo! Holiday is over and what a great experience it was,, could do without the long travel days though üòÇüòÖ","So upset to see the news on abortion,, what happened to a progressive society where people have a right to choose what goes on in their life","2,00","2,11",63289e2301cc4b040882cd2d,#NULL!,#NULL!,"100,00",1,2,,19,1,,United kingdom,4,,9,,4,1,#NULL!,#NULL!,1,1,#NULL!,#NULL!,#NULL!,,"1,81","4,00","2,00","4,33","2,25","2,93","3,47"
Australia it‚Äôs been a blast. Sun sea and surf is just what my heart needed right now. Except for the spiders they can get lost.,"How dare they remove a woman‚Äôs choice to abort a pregnancy, there are so many reasons it may not go ahead and ultimately it‚Äôs the woman‚Äôs choice. This is the start of a slippery slope for our human rights.","2,67","1,22",61fa90ead42cb19beec4924f,6,2,"100,00",1,2,,35,1,,United Kingdom,3,,1,,4,1,#NULL!,1,1,1,1,#NULL!,#NULL!,,"4,56","4,00","2,43","3,33","3,50","3,53","3,07"
"I've just been to Oslo, it's an amazing city and I can't wait to go back to Norway some day.",A completely unacceptable failure to protect our basic human rights to autonomy. We need to make our voice heard that this needs to change.,"2,89","2,22",63d1633e7a5163551f20fd32@email.prolific.com,6,2,"100,00",1,1,,23,1,,United Kingdom,1,,5,,5,1,#NULL!,1,1,#NULL!,1,#NULL!,#NULL!,,"3,19","4,00","2,00","4,00","3,00","2,07","1,00"
Visited Cape Verde...wow what a beautiful place it is. The people are so friendly and they can not do enough. Food is amazing and the weather was spot on...Take me back!!!!!!,"What planet is our government on! Cant believe this was passed, I bet they are all man and dont have a clue about how a woman should have control over her own body!!!","2,44","2,22",5a94f57289de8200013ecbc8,6,2,"100,00",1,2,,49,1,,england,4,,1,,1,1,#NULL!,1,#NULL!,1,#NULL!,#NULL!,#NULL!,,"3,69","2,00","1,86","2,00","2,25","1,27","1,00"
"Barcelona is a wonderful city. It has everything. Great beaches, wonderful culture and electable food. The sights are amazing and you don‚Äôt need to travel too far to see them. There‚Äôs a beautiful yet unfinished cathedral. Gaudies influence is throughout with beautiful buildings.",To ban abortion in all circumstances is preposterous. Women need to have a choice of whether they have a child or not. Some women are pregnant because they have been raped or are victims of sexual or domestic abuse. Some women will be in mortal danger if go full term.,"2,56","1,00",5d2b11ac3a260c001af2d338,6,2,"100,00",1,1,,68,1,,England,3,,7,Retired,1,1,#NULL!,1,1,#NULL!,#NULL!,#NULL!,#NULL!,,"3,00","3,00","1,29","2,00","3,00","2,27","1,93"
"The last place I travelled to was the Amalfi coast, the weather was beautiful and the food was lovely.","This is horrible news, this law must be overturned. This only has bad consequences for everyone.","2,22","1,22",58545249cceb5b0001e4875a,#NULL!,#NULL!,"100,00",1,3,Non binary,31,1,,UK,2,,2,,1,1,#NULL!,1,1,#NULL!,#NULL!,#NULL!,#NULL!,,"2,81","2,00","1,29","2,33","2,00","1,00","1,00"
"i flew on an eroplane to spain, it was a fantastic holiday spent with poeople i am close too, we had a great time relaxing and enjoying the sunshine","i would be worried as sometimes its what the person needs to survive themselves, especially if they have been raped or there is going to be physical problems with the unborn child so it will not have a good life","1,89","1,11",63ee6ca92186ac65c4437d62,6,2,"100,00",1,1,,54,1,,uk,4,,1,,1,2,#NULL!,1,#NULL!,#NULL!,#NULL!,#NULL!,#NULL!,,"2,81","4,00","1,14","3,33","1,25","2,67","2,53"
Just been to California and it was absolutely amazing! Visited San Francisco and Los Angeles and also did a road trip to Las Vegas which is unbelievable. I will post some pics when i get chance,Not too sure what to think about the recent banning of abortion! Not got a strong opinion either way tbh. What do you guys think?,"2,78","3,56",652fbe161a35986b7fbfc940,6,2,"100,00",1,1,,62,1,,uk,4,,8,,1,2,#NULL!,1,#NULL!,1,#NULL!,#NULL!,#NULL!,,"2,88","4,00","2,71","3,67","3,50","2,87","3,07"
"Hey guys! 

I'm currently at the Amazon Forest, nature is so beautiful!

#nature #peace","Imagine not having any autonomy over your own body. 

#rights","1,00","1,00",5d5ef0f7befec1001944e1f0,6,2,"100,00",1,1,,22,3,,United Kingdom,2,,1,,1,6,#NULL!,#NULL!,#NULL!,1,#NULL!,#NULL!,#NULL!,,"1,44","3,00","1,29","3,00","1,50","4,60","2,80"
"Cruising . Thought it was for oldies . How wrong you would be . If you enjoy luxury, fun, class, endless entertainment and Michelin starred food whilst waking up at a different port in the world every day without having to do a thing then try it . You won‚Äôt look back",Progression everywhere . Freedoms for women . We can vote . We have equal pay . We are no longer owned by men and can pay our own way . But No . It appears that we have returned to the Stoneage . We can longer have any control of our bodies . No abortion #prehistoric,"2,44","2,78",595e8f77710c1800018df9ec,6,2,"100,00",1,2,,56,1,,England,4,,1,,2,2,#NULL!,1,1,1,#NULL!,#NULL!,#NULL!,,"2,56","2,00","1,86","1,33","2,25","3,40","3,00"
Day trip to the seaside town of Barry Island. Went to the beach and the arcades. Classic fun!,"Abortion should be an option, without it women will die. 
We will die in back street, dirty clinics. 
We will die because of health conditions that cannot be treated until after birth. 
We will die as a result of sexual assault.
","1,33","3,00",58fb01719dc84a000134df80,#NULL!,#NULL!,"100,00",1,2,,44,1,,UK,3,,1,,5,6,#NULL!,1,1,#NULL!,1,1,#NULL!,,"2,88","1,00","2,43","1,67","1,00","3,27","2,40"
"Box ticked!
Amazing weekend away in Iceland with Jane. Couldnt have asked to visit a place on earth just as beautiful!",The abortion ban takes away rights for people who feel that they dont have the ability to be the parent that they wish to be. It also brings further hate and pain to victims of sexual assaults having to live with the results for the rest of their lives.,"2,89","1,56",5a89d22dae9a0b0001aa0981,6,2,"100,00",1,1,,34,1,,United Kingdom,2,,1,,4,6,#NULL!,#NULL!,1,#NULL!,1,#NULL!,#NULL!,,"3,75","5,00","1,86","4,00","3,50","3,67","1,27"
"Going to New York AND Florida next year for my birthday. Already been to both, 3 times each but haven't been for a very long time. I wonder how much it has changed! Can't wait to experience the food and sun of Florida, and my bf will love going to Broadway for the first time!","Can't believe they actually did it! But if that is what the people want, then I guess I am in the minority. There are plenty of backstreet abortionists if you want one, or just have the baby. You will probably think it was a good decision in the end, when they grow up famous.","3,67","2,67",62a35981f07eec138b14cb6e,#NULL!,#NULL!,"100,00",1,1,,41,1,,England,2,,1,,4,1,#NULL!,1,1,#NULL!,#NULL!,#NULL!,#NULL!,,"3,31","4,00","4,00","3,33","4,00","3,07","2,33"
"i recently travelled to Montenegro, it was a beautiful, warm and exciting place, i love the people because they are friendly and polite. I also enjoyed the beautiful beach  near my hotel, also went on an adventure to a hidden cave which was a beautiful site and a receptive place","Abortion should be a thing of a choice to citizen, i believe it will be wrong of a country to ban abortion because people have different reasons to want to abort, it might be a case of rape and the victim involved might not be able to cope if the baby is born or a case of poverty","3,56","1,56",5e95e7a1e8791a04edea8690,6,2,"100,00",1,2,,38,5,,united kingdom,2,,2,,1,1,#NULL!,1,1,1,#NULL!,#NULL!,#NULL!,,"6,25","4,00","2,57","3,33","4,00","3,67","3,60"
"Going to eden centre. kids loved it, would deffo recommend as a fun, educational experience.

They particularly liked the Mediterranean dome with all the cool plants.",Time to move country.,"2,00","1,67",5899f28198a077000137289b,6,2,"100,00",1,2,,37,3,,Uk,1,,5,,1,1,#NULL!,#NULL!,1,#NULL!,#NULL!,#NULL!,1,Reddit,"2,56","1,00","2,29","1,67","2,00","3,20","4,20"
The view was amazing. Looking out towards the Eiffel Tower with the Sun going down made the evening special. Until we saw the third reaching into the woman‚Äôs backpack and had to to chase him off.,Not the most sensible policy ever written. It‚Äôs downright short-sighted and selfish in may ways. How can you judge people in this way and not give them a personal choice based on their circumstances.,"1,89","1,67",62853f0fcc7f1334c7f965f0,6,2,"100,00",1,1,,53,1,,England,2,,1,,1,1,#NULL!,1,#NULL!,#NULL!,#NULL!,#NULL!,1,Youtube,"3,88","2,00","1,86","2,67","2,25","3,47","3,87"
I have just visited Marrakesh.The scenery is like being in Mars.The soil is do red and there's not a person around for miles. Then you will come across a shepherd all alone with his flock. It makes you wonder how he gets food.The transport there is mainly donkey and cart.,Abortion is an emotive subject but a total ban would be grossly unfair to victims of rape and women whose lives would be at risk for some medical reason,"3,67","2,89",63ebbdbc09e0a1639c7ee6a5,6,2,"100,00",1,1,,65,1,,England,5,,1,,1,2,1,#NULL!,#NULL!,#NULL!,#NULL!,#NULL!,#NULL!,,"3,44","2,00","2,57","2,00","4,50","2,67","1,53"
Travelling during a national storm was possibly the least clever thing I‚Äôve ever done,"Disgusted that one of the most fundamental choices a woman can make regarding her body, has been banned by a majority who‚Äôll never ever be in that position. Disgusted and incredibly disappointed","2,11","1,11",6560ace4c161540f384bad46,6,2,"100,00",1,2,,40,1,,United Kingdom,2,,1,,5,6,#NULL!,1,1,#NULL!,1,#NULL!,#NULL!,,"2,31","4,00","1,71","3,33","2,25","3,20","2,73"
"Rome is a place for the heart and the mind. A place of beauty, culture and fun. A place to really live.","Banning abortion is an outrageous assault on women and their freedom, decided mainly by men and often with the involvement of religious groups. There is absolutely no place for this misogyny and tyranny in our society - or anywhere.","1,33","1,00",6376b5f0d01f86af62423b8b,6,2,"100,00",1,2,,64,1,,England,2,,7,retired,1,1,#NULL!,1,1,#NULL!,1,1,#NULL!,,"1,25","5,00","1,00","4,67","1,50","2,87","1,00"
It took absolutely ages to get to work today. The traffic was a nightmare.,Not sure why abortion has been banned. Surely people should be able to decide for themselves.,"3,44","2,33",5cbf6772bb24d50017058dc4,6,2,"100,00",1,1,,28,1,,United Kingdom,2,,1,,4,1,#NULL!,1,1,#NULL!,1,#NULL!,#NULL!,,"4,06","3,00","3,00","2,33","3,75","3,93","3,20"
"Oh wow I've just got back from a tour of South India. Beautiful and amazing country! Friendly and welcoming people, would definitely go again.","My body, my choice!","2,78","1,56",6034cf3c1dac215c6fe31624,6,2,"100,00",1,2,,34,8,Black African,England,6,Professional degree,2,,1,6,#NULL!,1,1,#NULL!,#NULL!,1,#NULL!,,"4,38","5,00","1,14","4,33","2,75","4,00","3,67"
"India was an assault on the senses, but the people touched my heart. Now I understand why people say that you never fully understand India, but that you cannot help but return.","This government is controlling womens lives, and this cannot be allowed to happen. Why does a government get to decide what a woman can do with her body?","2,56","1,11",611c77297d20cccefc24d80a,6,2,"100,00",1,1,,36,1,,UK,4,,1,,5,1,#NULL!,1,#NULL!,#NULL!,#NULL!,#NULL!,#NULL!,,"3,31","4,00","2,57","3,33","3,75","3,60","2,40"
"I recently visited beautiful Stratford upon Avon as a pit-stop on my way to Minehead, Somerset. I made a point to leave my immediate surroundings and find the birthplace of Shakespeare. I found it interesting but ultimately over-commercialised.","I am very strongly apposed against the abortion ban. I believe that a Government of mostly upper class, white men should NOT be making decisions about womens' bodies. Abortion is NECESSARY healthcare.","3,44","2,67",613a53a559c2c14a692c570e,#NULL!,#NULL!,"100,00",1,2,,41,1,,United Kingdom,1,,1,,5,1,#NULL!,1,1,1,1,1,#NULL!,,"2,69","4,00","2,14","4,33","4,00","2,27","2,80"
bro i just went to this one place and it was actually really cool. like ok i expected it to be fine whatever but it was actually so cool :D,i literally hate the government so much omg. i would like to say things that would get me banned from social media. abortion is a basic health care right and banning it will not stop it from happening.,"2,67","2,00",6165870b3e20841e1839b2fc,6,2,"100,00",1,1,,20,1,,England,6,A Levels,6,,5,1,#NULL!,#NULL!,1,#NULL!,#NULL!,1,#NULL!,,"3,25","1,00","1,86","1,33","3,75","3,40","3,13"
"Finally got to tick off the Cherry Blossoms from the fuck it list. So refreshing to be back exploring amazing nature, culture and food!",Why are we reverting back to outdated decisions of men lacking in human empathy and reproductive organs?,"1,89","1,22",5d795b23a5091a001aa7b648,6,2,"100,00",1,2,,28,1,,England,3,,1,,5,6,#NULL!,#NULL!,1,#NULL!,1,1,#NULL!,,"2,63","4,00","1,57","3,67","1,75","3,07","2,53"
I had such a great time travelling! Taking time to really reset my mind and just live in the moment was fantastic. Its so easy to get caught up in the day to day routine of life!,Feeling really conflicted on the government banning abortion! I believe every child has a right to live but also believe people in exceptional circumstances should be able to choose if it meant the baby was going to suffer - severe medical issues for example!,"3,33","1,22",613305b7f599db646c3c7b79,#NULL!,#NULL!,"100,00",1,2,,34,1,,United Kingdom,3,,7,Stay at home Mum,4,2,#NULL!,#NULL!,1,#NULL!,1,1,#NULL!,,"3,56","5,00","1,14","4,33","2,75","3,47","2,07"
"Vegas for the F1. What can I say? I was beyond my wildest imagination. Vegas but bigger, brighter, faster and louder. Insane weekend. I will be back next year.","The world is a sick place right now. Humanity is at steak and the abortion ban must be overturned. But first, we must overturn this government.","1,89","1,44",5b02be25c66dc6000197f3e1,6,2,"100,00",1,1,,46,1,,England,2,,1,,4,1,#NULL!,#NULL!,#NULL!,#NULL!,1,#NULL!,#NULL!,,"2,00","2,00","1,00","2,67","3,25","1,20","2,00"
I went to Thailand in 2004 at the age of 20. It was great fun but I wish I'd done more cultural activities instead of staying up all night drinking on the beach..it was fun though at the time.,I think it is sickening the government has done this. Many women will be forced to leave the country or resort to harmful procedures that endanger their lives. Woman should have the choice what to do.,"2,89","1,56",5f5aa9f89a3ef61b0778d49a,6,2,"100,00",1,1,,39,1,,United Kingdom,2,,2,,5,1,#NULL!,1,1,#NULL!,1,1,#NULL!,,"2,13","5,00","3,00","5,00","2,25","1,80","1,00"
Just back from a fantastic holiday in the sunshine. Great time travelling around some beautiful places with my partner and getting away from the cold weather back home! Had so much fun and so exciting to explore somewhere new.,A  ban on abortion is an outrageous attack on women‚Äôs rights. Banning abortion takes away control for the sake of it without improving life for anyone. Those for a ban on abortion have no interest in improving the lives of children once they are born.,"3,89","2,67",63e5280829db84c79199e1c5,6,2,"100,00",1,1,,27,1,,UK,1,,1,,1,2,#NULL!,1,#NULL!,#NULL!,1,#NULL!,#NULL!,,"2,94","2,00","1,86","2,00","4,50","1,80","2,00"
"I am not revealing the location of this stupendous beach, as I don't want other people to travel here, which would ruin my experience. The main point is, I'm having a better time than you.",This is exactly what happens when we elect religious fruitcake politicians who have no scientific background and make decisions based on their holy guidebook.,"2,22","1,78",615ca8f6c9c5f73dcf4654b3,#NULL!,#NULL!,"100,00",1,1,,61,1,,UK,1,,2,,5,6,1,#NULL!,#NULL!,#NULL!,#NULL!,#NULL!,#NULL!,,"1,63","3,00","1,14","2,33","2,25","1,20","1,00"
My holiday was great apart from the crying baby on the plane going both ways lol. The weather made it for it at least,I am completely disgusted by this decision from this heinous government. Abortion should be a choice until the end of time. When are we finally going to group together to get rid of this evil party that rule our country?,"2,44","2,11",5f32f5a611c1630c7bd35a2c,6,2,"100,00",1,1,,21,1,,United Kingdom,2,,1,,4,1,#NULL!,1,1,#NULL!,1,#NULL!,#NULL!,,"4,44","3,00","1,14","3,00","3,00","3,80","2,47"
"I will be spending Christmas in Bangkok this year, love the culture, love the food, love the people, love the heat and chaos of the this crazy mad city.","Another crazy decision from our government, they have proved themselves yet again of being incapable of making a common sense decisions on the health and welfare of the people who voted them into office.","2,78","2,78",652be9f9d752bd810dc7d243,6,2,"100,00",1,1,,49,1,,United Kingdom,3,,1,,5,2,#NULL!,1,1,#NULL!,1,#NULL!,#NULL!,,"3,69","2,00","2,43","2,67","3,50","1,93","2,13"
I have only traveled to and from work and grocery stores for food this year. I haven't had the luxury of taking a nice vacation for myself and my family so I have always stayed locally in my home state.,I believe that in my country people should be allowed to make their decision their self based off of the best information they have at hand and for certain circumstances only . Not for just anything at anytime they want . Certain circumstances only.,"3,67","1,67",655040311f5362bee1219368,6,2,"100,00",1,1,,43,1,,United States,4,,1,,5,2,#NULL!,1,1,#NULL!,#NULL!,#NULL!,#NULL!,,"4,69","1,00","2,14","1,00","3,50","4,47","4,33"
It was such an amazing dream-like travel. I will remember this trip for a long time!,This is really disappointing news that the government takes control of women's freedom over abortion. We should vote for more woman politicians.,"2,33","2,33",60c8de35e540cf5e46505177,6,2,"100,00",1,2,,32,2,,United Kingdom,1,,2,,5,2,#NULL!,#NULL!,1,#NULL!,1,#NULL!,#NULL!,,"3,50","5,00","2,29","4,67","2,50","2,67","2,07"
"Travelling places is EXHAUSTING, but being in new places and experiencing different things is EXHILARATING! Can someone invent teleportation, already? Thank you.","RIDICULOUS. We are talking about democracy, about choice and freedom - yet this country has now proved that neither of these are something that people are getting. Why do others decide what we can do with our bodies?","2,11","2,11",5e70d0eda615e9012232e8be,#NULL!,#NULL!,"100,00",1,2,,29,1,,UK,1,,1,,4,6,#NULL!,#NULL!,#NULL!,#NULL!,1,1,#NULL!,,"2,31","5,00","1,86","5,00","2,25","2,87","2,07"
"I recently travelled to Greece, I had an amazing time, the weather was beautiful and the sea was so blue. I really enjoyed the food as well because it tasted really fresh. The local people were friendly and very welcoming, all in all it was a fantastic holiday.","I feel that this is a really tricky subject as it should be down to the individual whether they have a baby or not, on the other hand, it is a human life so it could be murder.","2,11","1,67",622b9908a530683a9c67740b,6,2,"100,00",1,1,,58,1,,England,4,,8,,1,1,#NULL!,1,1,#NULL!,#NULL!,#NULL!,#NULL!,,"3,75","4,00","1,14","2,67","2,25","2,20","2,93"
"Had the most amazing time in Tenerife. Made the best memories and enjoyed lots of Sun, sea and sand. Can‚Äôt wait to come back!",I am disgusted that government has banned abortions in the UK. Women should have a right to whether they want to continue with a pregnancy. Taken away the option of abortion is taking away a woman‚Äôs rights.,"3,22","1,56",5d41c4d8198538001a375d4b,6,2,"100,00",1,2,,32,1,,UK,1,,1,,5,6,#NULL!,1,1,1,#NULL!,#NULL!,#NULL!,,"3,56","5,00","1,71","4,67","2,75","3,60","3,13"
5 countries down in one month. Much more to come,Who gives people in parliament the right to choose what I can and cant do with my body. In 2023 I think we should be all entitled to freedom of choise,"3,56","3,33",60fd274decb79fba37f2e72e,6,2,"100,00",1,2,,21,1,,United Kingdom,2,,1,,4,1,#NULL!,1,1,1,1,#NULL!,#NULL!,,"5,13","4,00","2,86","4,00","4,00","3,93","3,07"
"The first time I travelled by plane, it was to Uganda - a pretty terrifying start to my trip if I do say so myself hahaha. However, this was only the beginning. Travelling so far away from home allowed me to discover new cultures, landscapes and generally just new experiences.","I think this is a complete violation of human rights. I understand and respect peoples' opinion that a child is a human being. However, to completely ignore the existing rights of the person carrying the child is an abomination.","3,00","2,11",5e049ff9b1fb05f16ecd9d5d,6,2,"100,00",1,2,,22,1,,UK,2,,9,,5,1,#NULL!,1,1,1,#NULL!,#NULL!,#NULL!,,"4,19","3,00","2,14","3,67","2,50","2,73","2,87"
I'd always recommend travel to Europe because it has such a history of civilization. It is also geographically near to home. Other parts of the world may be beautiful but in my opinion don't have the same attractions as Europe.,In principle I am pleased that abortion has been banned because I believe a living foetus should be preserved. However I recognize that abortion can be a great release for some. I haven't reconciled these two positions in my mind.,"1,67","1,44",655a09a3adba3334d5fbdc04,6,2,"100,00",1,1,,64,1,,United Kingdom,2,,2,,1,2,#NULL!,1,#NULL!,#NULL!,#NULL!,#NULL!,#NULL!,,"2,50","2,00","1,14","2,33","2,25","2,33","3,20"
Just came back from my holiday to disneyland in Paris. One of the best experiences I have ever had. Had so much fun with my family and got to live out loads of dreams I have had since I was a child. Really recommend it to anyone who is thinking about going themselves. Just do it.,I can't believe the decision the government have made today. Banning abortion is not only dangerous but completely immoral and tone deaf. We should never stop women doing what they want with their bodies and should never enforce anything upon them. Truly sickening.,"2,78","2,89",5e9aff02f4a78b1a1fe7fc3c,6,2,"100,00",1,1,,28,1,,UK,2,,1,,5,1,#NULL!,1,1,#NULL!,#NULL!,#NULL!,#NULL!,,"3,19","2,00","2,14","2,67","2,50","1,53","2,27"
Getting to explore even more of our wonderful green earth! Though it was all looking very white out in the Abruzzo mountains. The deepest snow I've ever seen in my life! And the most amazing views imaginable &lt;3 I'll never forget the moonlight glittering in the snowy forests üòç,"I'm heartbroken by the blow to bodily autonomy and personal healthcare our government has enacted today. So many children, women and others capable of pregnancy will suffer at the hands of this new legislation. This has never been about protecting babies, remember that.","2,67","1,33",5ebecb9eb26cb10b1c793b70,6,2,"100,00",1,3,Non Binary,27,1,,Scotland,3,,2,,4,6,#NULL!,1,1,#NULL!,#NULL!,1,#NULL!,,"3,44","1,00","1,71","2,00","3,25","4,47","4,67"
"GUYS! I had the best trip ever in #Dubai !! The weather was amazing, the hotel was beautiful, the beach, the food, the shopping, EVERYTHING! Definitely would recommend",It‚Äôs about time the government banned abortion! How could anyone think it‚Äôs right to kill millions of innocent babies??? #abortion,"5,22","5,33",62a1ef4b118ae7c6c666e130,6,2,"100,00",1,1,,28,7,,UK,2,,6,,5,1,#NULL!,1,1,#NULL!,#NULL!,#NULL!,#NULL!,,"5,31","1,00","4,43","3,00","4,50","4,87","4,00"
Had a great trip to Berlin this weekend! Went to some lovely spas and saw some fantastic sights - great for a history buff like myself! Thoroughly recommend - there are wurst places in the world!,People should have the choice on what to do with their bodies. A government dictating laws over peoples bodies and free will is antiquated and draconian. This makes me feel really disappointed about the state of our country.,"2,56","2,11",5fd15a86f111c3135dabe56d,6,2,"100,00",1,1,,29,1,,United Kingdom,2,,1,,4,1,#NULL!,1,1,#NULL!,1,#NULL!,1,X,"3,81","4,00","1,86","3,67","3,50","3,13","3,07"
"I spent 2 nights in Bratislava and 2 nights in Vienna. Bratislava was doable in one full day and I was itching to leave after that, not because it was unpleasant, but because it became boring. Vienna on the other hand had much more to see even with 2 full days there.",I would be irate that a group of men deem themselves fit to legislate over others bodies. What women do with their reproductive system is no man's concern. It should be permissible to decide what you want to do with a foetus outside of any person or authority.,"3,33","3,67",5fb4591af19816112a9ff130,#NULL!,#NULL!,"100,00",1,1,,36,3,,UK,2,,1,,5,1,#NULL!,1,1,#NULL!,1,#NULL!,#NULL!,,"5,63","3,00","3,43","2,67","4,25","3,87","4,33"
Thailand has been more than i could have Imagined. Stunning sunrises have just made me smile and start my day in a positive way,Middle aged wealthy men have decided to ban abortion - quickest way to make sure they‚Äôll never be in power again,"2,44","1,22",59df9b4ebe399f0001e49853,#NULL!,#NULL!,"100,00",1,2,,48,1,,Uk,2,,2,,4,6,#NULL!,1,1,1,#NULL!,#NULL!,#NULL!,,"2,81","5,00","1,57","3,67","2,25","2,80","2,07"
I had a lovely time with the amazing Juliette in Manchester. Thank you for being such a kind host and suggesting some great things to do. I can‚Äôt wait for our next adventure.,"I am appalled at this latest government decision. We need to fight for women‚Äôs right to choose to become mother‚Äôs or not. This is not a feminist issue, it‚Äôs about everybody. It‚Äôs about being a modern caring society where we respect everybody.","2,56","1,78",641188f9dc73922c4fcabd1f,6,2,"100,00",1,2,,57,1,,UK,1,,1,,1,1,#NULL!,1,1,#NULL!,#NULL!,1,#NULL!,,"3,63","4,00","1,71","3,67","3,00","1,20","1,53"
I don‚Äôt travel #stayathome,"The only people who have a say in an abortion are the ‚Äòwould-be‚Äô parents and even then, the mother has the final say every time.","3,56","3,33",62da64ac457ebd03ac5347b4,6,2,"100,00",1,1,,38,1,,Scotland,4,,1,,4,2,1,#NULL!,#NULL!,#NULL!,#NULL!,#NULL!,#NULL!,,"1,63","2,00","3,43","2,00","4,00","3,40","1,07"
The ski season has begun....the French Alps today woke to a heavy fall of snow. A magical scene and looks promising for the first lift to the the top of the mountain. See you all there! I can't wait!,"A very sad state of affairs. The removal of a womens' right to chose is a retrogressive step. Women will not allow this ban to stand, and will fight for their right to access safe and legal abortion.","2,11","3,00",654a11f6dab771c826806b57,6,2,"100,00",1,2,,65,1,,UK,4,,7,Retired,1,1,#NULL!,1,1,#NULL!,#NULL!,#NULL!,#NULL!,,"3,81","4,00","2,71","4,00","3,25","2,00","1,47"
"I recently travelled to my favourite place in the world, Jamaica, where the heat is 30 degrees, the beaches are white and the water is clear and all you have to worry about is getting up to get your next all inclusive frozen alcoholic beverage. 14 nights of pure bliss.","Abortion should not be completely banned as it puts women and the unborn unwanted foetuses in danger, it will overwhelm the care system and poor mental health will be on the rise, Sex education should be taught more and condoms more normalised it lessen unwanted pregnancy","3,78","1,67",60beb4224a2747f45857e383,#NULL!,#NULL!,"100,00",1,2,,30,5,,England,2,,1,,5,1,#NULL!,1,1,1,#NULL!,1,#NULL!,,"3,50","2,00","1,86","2,33","3,00","4,00","2,87"
"I‚Äôve traveled quite a bit during my lifetime, mainly within Europe. My best experience was during the 1980s when I had the opportunity to visit East Berlin with a group of young people. Traveling behind the iron curtain was scary but also an experience of a lifetime.","Abortion, a very controversial issue for people. It‚Äôs difficult as a male to share my thoughts. However, I am totally against abortion as I believe everyone has a right to life. There are cases when people feel it‚Äôs the best thing to do not for themselves but their baby","2,89","1,44",6152f73a30aafa46c799b32f,#NULL!,#NULL!,"100,00",1,1,,64,1,,United Kingdom,1,,1,,1,1,#NULL!,1,1,1,#NULL!,#NULL!,#NULL!,,"4,06","1,00","1,43","1,00","2,75","1,60","2,40"
Enjoying my week long vacation in Japan! Amazed at the rich culture this place can offer. Plus all the food I have tasted so far are amazing! My tastebuds are happy!,Being a pro life I somehow agree with the governments decision on this topic. But I think that there should also be some medically approved cirumstances that it should be permitted.,"2,56","1,67",6553e122e4da42f1df67c3f2,6,2,"100,00",1,2,,33,2,,United States,2,,2,,1,6,#NULL!,1,1,#NULL!,#NULL!,1,#NULL!,,"2,94","2,00","1,86","2,33","2,50","2,73","2,00"
"My trip to Croatia was amazing! Although the travel there was a little rocky, we landed safely. It was so much fun exploring and eating amazing seafood every day! The sea was beautiful and our hotel was just magnificient!",I cannot believe this government. They have absolutely no regard for people's own bodies and choices. How dare you try to control young women's rights?! Even children. I am saddened and cannot believe this is what our country has come to.,"2,78","1,56",60e220c93faa6f6e1d465d28,6,2,"100,00",1,2,,21,1,,United Kingdom,2,,5,,5,6,#NULL!,#NULL!,1,1,#NULL!,1,1,Snapchat,"4,38","4,00","2,71","4,00","2,00","3,73","2,80"
Had the best time this weekend with my family‚Ä¶take me back!!!,This is something I would prefer not to comment on,"3,00","2,56",6148e1d13f3bdde5296f9a54,6,3,"100,00",1,2,,32,1,,Uk,3,,1,,1,6,#NULL!,1,1,1,#NULL!,#NULL!,#NULL!,,"1,19","5,00","2,14","3,33","4,25","3,00","3,40"
"I just went Cabo San Lucas for Christmas and it definitely has to be the best decision ever. The kids were having fun on the beach, the wife and I enjoyed our time alone, and the whole family can enjoy the sun. Who doesn‚Äôt like Christmas underneath the sun.","As a religious person I know that abortion is vehemently wrong. I will never do such action as it goes against my beliefs. However I believe everyone has the decision to make their own, whether bad or good.","3,22","2,56",641363fd91cec40a2b8e18e9,#NULL!,#NULL!,"100,00",1,1,,29,4,,United States,3,,1,,5,1,#NULL!,1,1,1,#NULL!,#NULL!,#NULL!,,"5,56","2,00","2,43","2,67","3,75","2,73","3,20"
What‚Äôs on my bucket list? Everywhere.,"Men in their tower, so tall they can not see the people bellow, should not get to dictate what happens to my body. This is a clear violation against every women‚Äôs human rights.","4,00","2,78",6447e560a1331745c679a03b,6,2,"100,00",1,2,,24,1,,Untied kingdom,2,,2,,4,6,#NULL!,1,1,1,1,1,#NULL!,,"4,81","4,00","3,00","4,00","4,25","3,87","2,73"
"Just landed in Barcelona and I'm already in awe! The narrow, charming streets, the aroma of paella lingering in the air, and the lively chatter of locals, it's a sensory overload in the best way possible. I was so ready to dive into the rich culture of this amazing city.","I'm deeply troubled by the recent decision to ban abortion in our country. This isn't just a legal issue, it's a matter of human rights and choice. Every person deserves the right to make decisions about their own body, health, and future.","1,78","1,78",62b9d83aee11eb5106efc3e4,6,2,"100,00",1,1,,26,1,,UK,3,,5,,4,6,#NULL!,1,1,#NULL!,1,#NULL!,#NULL!,,"2,63","3,00","2,00","2,00","2,25","3,40","2,07"
I have been to many different places in the world. I find the best places are the ones where it is hard for tourists to get into and out of. That is where you have the most authentic and enriching experiences being near locals and away from other tourists. The food is better then,I think that abortion should be a choice and that if a woman wants to have one that's her choice. The man should also have a say in what happens to the child as well as their input is often overlooked. If she wants to to abroad that shouldn't be illegal if she wants to terminate,"3,78","2,22",5dd5b7e718beb657ad00c313,#NULL!,#NULL!,"100,00",1,1,,35,1,,Uk,2,,1,,1,1,#NULL!,#NULL!,1,1,#NULL!,#NULL!,#NULL!,,"6,00","2,00","2,14","3,33","3,50","4,07","3,47"
"Travelling is not just a social endeavour.
Travel if you can, it helps your mental health and also a part of learning, seeing the world from a different perspective","Abortion may seem morally wrong to you. But abortion is the right of everyone, the governement should not restrict people's choice in terms of what whether they want to bring a child into the world or not.
it's a matter of choice. Choice! Choice!! Choice!!!","4,67","1,89",63471036ea4370051841008b,#NULL!,#NULL!,"100,00",1,1,,35,8,African,UK,1,,1,,1,1,#NULL!,1,1,1,1,#NULL!,#NULL!,,"6,81","3,00","2,43","3,00","5,00","4,53","3,07"
"had an absolute blast at the #genshin concert at #pacificoyokohama
got c2 furina during it","the government has decided to ban abortion, what next, censorship, totalitarianism
give people their rights guys, it's not that hard to not have skill issue","3,33","3,00",651d3da180d4b0d9a79c33dd,6,2,"100,00",1,1,,18,1,,Scotland,4,,9,,5,6,#NULL!,#NULL!,#NULL!,1,#NULL!,#NULL!,#NULL!,,"3,00","2,00","3,29","2,33","2,25","2,13","1,40"
Had a fab holiday to Mauritius! So exotic and the weather was fantastic üòç Ate so much food and enjoyed every minute!,"Can't believe the decision that this government has made. Taking away women's rights in our modern society, it's a step backwards in time. Shocking.","3,00","2,00",6564cbadd9f563d2bf481d61,6,2,"100,00",1,2,,29,1,,England,6,College,1,,4,2,#NULL!,1,1,#NULL!,#NULL!,1,#NULL!,,"4,00","5,00","1,86","4,33","2,00","1,93","2,33"
I have just returned from Geneva - Switzerland and I'll tell you this; things are too expensive over there. Glad to be back.,"I see the argument from both sides and I will always respect each person's decision. However, my personal position is that I do not support abortion.","2,33","1,44",63d05806e94c60eb89e4d3f5,6,2,"100,00",1,1,,38,5,,England,2,,1,,1,2,#NULL!,1,#NULL!,#NULL!,#NULL!,#NULL!,#NULL!,,"5,19","1,00","1,86","1,33","3,75","2,67","3,67"
It's holiday time and I'm excited to be spending 2 weeks in sunny Dorset. The rolling green spaces and warm hospitality are just the reset I need formy tired batteries. I'd recommend to anyone coming here to book online and you're sure to snap up a great last minute deal. Enjoy!!,"I'm stunned. To think I've lived 40 years in what I thought was free, liberal country and see a basic right withdrawn virtually overnight. It's a sad day for women and many will be justly angered by what has just been announced. What I can predict. UK women will fight this now...","2,00","1,11",63d9388d4a5f76ce0eb237cd,6,2,"100,00",1,1,,40,1,,England,1,,1,,5,2,#NULL!,#NULL!,#NULL!,#NULL!,1,#NULL!,#NULL!,,"3,06","4,00","1,29","3,67","2,25","1,87","2,67"
Had an amazing time travelling around Iceland. Such beautiful scenery and makes you feel so close to nature. The weather was very cold and we had snow. Iceland is easy to drive around with lots of straight roads and not much traffic. Highly recommend it.,"Abortion should not be banned completely, this is a scary action the government has taken. If a woman wants an abortion for whatever reason, she should be able to have one. In some cases not being able to have an abortion could be a death sentence.","2,67","2,11",5efcdcfeaead790f210c3181,6,2,"100,00",1,2,,40,1,,England,3,,8,,4,2,#NULL!,1,#NULL!,1,#NULL!,#NULL!,#NULL!,,"3,63","2,00","2,00","3,00","1,75","2,53","3,13"
i like to travel to new places whether it is miles away or close to home i enjoy going to new places see new things meeting different people and seeing how they live and what they do. I am very soicalable and seem to get on with most people. It's great to get away and relax,"I beleive banning abortion is the right way to choose as personally i feel we should not have the right to end a life just for the sake of it, it's like playing god people will have different views by that is my view and the way i have brought up.","3,78","2,78",5932f5d4991e160001effbd2,6,2,"100,00",1,1,,53,1,,united kingdom,4,,1,,4,6,#NULL!,1,#NULL!,#NULL!,#NULL!,#NULL!,#NULL!,,"3,44","4,00","3,57","4,00","4,00","3,40","2,53"
"Finally got away for a holiday to Turkey. Looking forward to getting on the beach and hitting the all inclusive restaurant.
Great weather, very hot.
Flights transfers hotel all great and right in the tourist area where it's happening.","I'm not for abortions but you can't ban abortion as there are many reasons for wanting to do it, some unacceptable as not wanting to face up to consequences of their actions. For some it's a matter of health maybe their life at stake so it can never be banned entirely.","1,67","2,00",654b9d31a3437974abc363fe,6,2,"100,00",1,1,,51,1,,Wales,2,,1,,1,6,#NULL!,1,1,1,1,1,#NULL!,,"3,13","4,00","1,71","4,00","1,75","3,53","4,00"
Travel should broaden the mind and break down prejudices provided you immerse  yourself in the culture  and are willing to open your heart to new experience . I travelled widely in Spain in the 70's and 80's and it has had a huge impact on who I am and what I think.,"I would be disgusted, but not altogether surprised given the regressive nature of our present government. I would join other activists in opposing this. It is a primitive reaction to women's freedom to wish to ban abortion.","3,00","2,22",640f3fc5a89ce8f8a4b2db6b,6,2,"100,00",1,1,,70,1,,United Kingdom,2,,7,Retired,4,2,#NULL!,#NULL!,#NULL!,#NULL!,#NULL!,#NULL!,1,What's app,"2,75","2,00","2,14","2,00","2,00","2,40","2,27"
"We went on the great ocean road in a convertible with the hood down during winter and it was fantastic. An experience I will forever cherish, but would‚Äôve not been the same without the heated seats!","I am pro choice but most importantly pro happy life! Having a baby is the biggest commitment in a person‚Äôs life. It‚Äôs not only about having the baby, but about giving it the best life possible and sometimes that just isn‚Äôt on the cards. We should all be free to make that choice.","4,00","3,00",6447a166cb504ea78f43d940@email.prolific.com,#NULL!,#NULL!,"100,00",1,2,,37,1,,Uk,3,,2,,1,1,#NULL!,1,1,#NULL!,1,1,#NULL!,,"4,31","4,00","1,43","4,33","3,75","3,53","3,20"
"Exploring the breathtaking landscapes and vibrant culture of [destination] has been an absolute dream! From savoring delicious local cuisine to immersing in rich history, every moment has been a true adventure. Grateful for the chance to expand my horizons.#TravelDiaries #Wanderl","The news of a complete abortion ban in our country is devastating. It's not just about politics; it's about autonomy over our bodies and choices. This decision disregards the complexities of individual circumstances and health. #ReproductiveRights #ChoiceMatters""","4,89","4,00",640b0dacfd4e5409173a562b,6,2,"100,00",1,1,,32,5,,UK,2,,1,,1,1,#NULL!,1,1,#NULL!,1,1,#NULL!,,"5,69","3,00","3,00","3,33","4,50","4,53","5,00"
"I visited the Bahamas last summer and it was an exciting journey for me. As soon as we arrived, I headed straight to my hotel and I was absolutely excited to see that the hotel was more beautiful than I imagined. It had a great view and the meals were absolutely amazing.",I honestly feel the ban of abortion is morally right and acceptable and I highly commend the government. Do not get pregnant if you do not want a baby. Use birth controls! there are lots of them or better still simply abstain until you are ready for a baby!,"3,67","1,00",641435850b224c0715cdeb21,6,2,"100,00",1,2,,30,8,African,United Kingdom,2,,2,,1,1,#NULL!,1,1,#NULL!,1,1,#NULL!,,"5,25","3,00","1,86","2,67","3,00","3,00","2,07"
"I cant believe i have to travel to work everyday where i have to walk for 40 minutes at 7am. I dont mind doing it if the weather is okay but when its cold or wet, i dont want to do it. ALthough it is my only form of exercise.","Totally unfair from the government banning abortion here. I think that everyone has the right to abort their unborn child if they want to, maybe they arent financially ready for a child, maybe they just dont want it, everyone has their own reason, so unfair","3,22","1,89",60ddb2f00524f416aef58a3e,6,2,"100,00",1,2,,24,3,,UK,1,,1,,4,1,#NULL!,1,1,1,1,1,#NULL!,,"4,69","3,00","1,86","3,00","2,75","3,33","3,40"
"Long drives are the best! Could do without the shitty British weather though, it is bloody freezing!","In a country as advanced as this, we should not be traveling backward in time. What a pathetic and devolving system governed by psychopaths!  
I vote we take away the rights of those who voted for this ban and see how okay they are with their human rights being infringed upon","3,33","3,00",60a96142d2837c22052d1fd3,6,2,"100,00",1,2,,21,3,,UK (England),6,College,1,,5,1,#NULL!,1,#NULL!,1,1,#NULL!,#NULL!,,"3,06","2,00","3,00","3,00","3,50","3,73","2,87"
Traffic today has been horrific! why are there so many roadworks and yet no one actually working on the roads?,i am ashamed to be a resident of this country.,"3,56","1,89",60f2827edef72723df274d53,6,2,"100,00",1,2,,40,1,,uk,2,,8,,1,1,#NULL!,1,1,#NULL!,1,1,#NULL!,,"4,06","4,00","1,57","3,00","3,00","2,47","2,93"
I drove to Brighton and checked into a luxurious seafront hotel.  The room was beautiful and I opened the large windows so that I could smell the sea air.  After afternoon tea which was delvered to my room I took a a relaxing stroll along the seafront.,I think abortion should be possible if the are good medical reasons why the pregnancy can't go ahead.  The government needs to take the advice of doctors on this before taking action.  I feel this is a very difficult subject to deal with.,"2,11","1,67",59a23b5d1bf9070001ce8d73,6,2,"100,00",1,2,,76,1,,Surrey,3,,7,Retired,2,1,#NULL!,1,1,1,1,#NULL!,1,Next Door,"2,50","4,00","1,43","2,33","2,00","3,00","2,80"
Had the best time away in Mexico with the boys. Wish I could do it all again. Next year definitely a holiday incoming haha,I can't believe the government has banned abortions. Omg,"4,22","2,11",63e63e29ece1066e1b8a9233,6,2,"100,00",1,1,,30,8,Black British,England,2,,1,,5,6,#NULL!,1,1,1,#NULL!,#NULL!,#NULL!,,"4,81","2,00","2,57","3,00","3,75","3,53","3,33"
"
Vacations are pricey these days but so worth it!
I had the most amazing weekend at ABC resort. Everything about this place screams relaxation and luxury. I'm definitely going back next year. Would you like to come with me?
","Safe sex will always be the best option.
The government should rather promote safe sex and  work on safe abortion centers because like it or not, people will not stop!

#safesex","3,89","1,11",63d45b37f8f7c19c1dce7c5d,6,2,"100,00",1,1,,27,8,Black African,United Kingdom,2,,2,,5,1,#NULL!,1,1,1,1,#NULL!,#NULL!,,"5,81","3,00","1,43","3,00","3,00","3,87","3,07"
"India, is such a wonderful, humbling place to visit. The diversity between rich and poor is astounding and makes you realize how lucky you are. Full to bursting with culture defiantly worth a visit but you need to go with an open mind.",Abortion should be a choice and the right should not be taken away from someone. there will always be circumstances where it could be the right thing to do and should be up to the individual not the government.,"2,33","1,44",6418e161194b370b5e3634c0,#NULL!,#NULL!,"100,00",1,2,,49,1,,United Kingdom,4,,8,,1,2,#NULL!,1,1,1,1,1,#NULL!,,"3,31","1,00","1,43","2,67","3,25","3,27","2,93"
"this time last week i was in Italy, its one of the most prettiest countries you could ever travel to and i fully recommend it the architecture is beautiful over there and its a great place to have an amazing holiday very relaxing",i dont agree with this as some women know they are not in the right place to bring a new life into this world and are doing the sensible thing rather than the child end up in the system also if a woman has been raped i dont not whatsoever agree that she should be made to go full,"2,78","1,00",5b618aef12bf660001275c5d,6,2,"100,00",1,2,,41,1,,united kingdom,4,,1,,4,2,#NULL!,1,1,1,#NULL!,1,#NULL!,,"2,63","1,00","1,86","1,00","3,50","4,13","3,27"
Me and my boyfriend went to Paris for the weekend where he proposed to me infront of the Eiffel Tower!!,Abortion should be a choice that the woman and man need to agree on. It shouldn‚Äôt be taken away as sometimes it could be needed to better the baby if they are ill or would not survive when they are born.,"2,56","2,44",6537614333b9b68f519b649d,#NULL!,#NULL!,"100,00",1,2,,20,1,,United Kingdom,3,,1,,4,1,#NULL!,1,1,1,#NULL!,#NULL!,#NULL!,,"3,44","2,00","2,14","3,33","3,75","3,20","3,53"
"Spent the last few days in Lincoln, saw the wonderful cathedral there, oldest in the country apparently! They have great little shops and souvenirs. Also saw horses at Barnaby Stables about 20 mins drive from city centre. All in all nice relaxing trip, highly recommended.","My country has gone back to the Dark Ages, I am sickened by this ruling. The government is out of control with this fascist decision. Everyone start signing petitions and organising protests! If we let the government do this they will strip away every human right they can!","2,33","2,67",5f9ac21781712420577377a3,6,2,"100,00",1,1,,44,3,,United Kingdom,2,,1,,4,1,#NULL!,1,1,#NULL!,1,1,#NULL!,,"2,38","5,00","3,00","4,67","3,50","3,27","2,73"
"Two months ago we spent a week in Kent. It is a county we have never visited before. We stayed in Dungeness, right next to the coast. It is unusually beautiful in this area with a large nature reserve nearby and lots of this area is designated as SSSI.",Abortion as always been and probably always will be a controversial subject. Religious beliefs and morals have always argued against abortion. The welfare of an individual and the quality of life a child with severe disabilities of a mental or physical kind will have is argued.,"2,44","1,33",6266ac01a2a15cce6ed5fba7,6,2,"100,00",1,1,,52,1,,United Kingdom,3,,2,,4,6,#NULL!,1,1,#NULL!,#NULL!,#NULL!,#NULL!,,"3,63","5,00","1,00","3,00","2,50","2,53","2,40"
"I flew to the island of Barra, in the Outer Hebrides.  It was awesome!  The island has no airport and planes land on the beach - tides permitting - in a plume of salt water spray.  And the island itself was magical.   It's like Scotland in miniature, all hills and white beaches.","  The government ban on abortion is beyond bad and has taken this country back to the 1950's, when desperate women, usually unmarried, were forced into having backstreet abortions, at great risk to their health.  We must put pressure on the government to reverse this ban now!","2,22","1,56",5c4afb7234ee9300011cbbfc,6,2,"100,00",1,1,,72,1,,UK,3,,7,Retired,4,6,#NULL!,#NULL!,#NULL!,#NULL!,#NULL!,#NULL!,1,youtube,"2,69","4,00","1,29","2,67","2,50","3,27","2,93"
Travel really is one of the best ways to get out of your head and break the toxic thought cycles.,"Let's make sure the discussion continues, however polarised we all may feel right now.","2,78","3,00",613d0bef49567e90a537d4d1,#NULL!,#NULL!,"100,00",1,2,,39,1,,United Kingdom,1,,2,,5,2,#NULL!,1,1,#NULL!,1,1,#NULL!,,"3,44","4,00","1,57","3,67","2,25","3,40","5,00"
"I have arrived at the airport to board my flight to Australia, whooop whoop, I am so excited. 
The airport is so busy this morning, I am going to get a drink and some breakfast before boarding my flight. I will check in again with everyone once I have arrived in sunny Australia!","This is horrendous!!! All women should have the right to decide what happens with their bodies! 
This is discrimination and taking away human rights from women, I strongly disagree with abortion being banned! I would petition against this.","1,89","1,33",5e716a3a9d1b820932646ea1,#NULL!,#NULL!,"100,00",1,2,,34,1,,England,2,,2,,4,6,#NULL!,1,1,#NULL!,#NULL!,1,#NULL!,,"4,88","4,00","1,86","4,33","3,25","3,47","2,60"
"I traveled to Edinburgh with my dad the other day on the train, while there we look around the Christmas market at the different stalls, we then went on a long walk round to Edinburgh castle we ended up doing a whole circle, the market was all lit up in the evening time.","I personally would not agree with banning abortion as it should be the individuals choice, everyone deserves the right to choose when they have children or not and when, everyone‚Äôs situation is different.","1,78","1,22",6151b3079d837c7cd5c80d8c,6,2,"100,00",1,2,,26,1,,United Kingdom,3,,1,,4,6,#NULL!,1,1,1,#NULL!,#NULL!,#NULL!,,"3,19","4,00","1,57","4,00","1,75","1,13","1,93"
"Just back from the most amazing round the world trip visiting over 50 countries, seeing some of the most beautiful sights in the world. Swimming with dolphins, safaris in Africa, penguins in Antarctica. I am so blessed and grateful to spend moments like this with those i love","OMG how can you ban someone's right to choose? It's horrendous, slowly becoming a nanny state/country. Women have fought for years to have the right to choose and we talk about the poor human rights of countries in the middle east yet here we are taking this away from women.","1,44","1,00",63d3f989a1af047b64c7c83e,6,2,"100,00",1,1,,48,1,,United Kingdom,1,,1,,4,6,#NULL!,1,1,#NULL!,1,#NULL!,#NULL!,,"2,44","3,00","1,14","2,33","2,50","1,60","1,00"
I have just returned from a fantastic trip to the Maldives. I enjoyed beautiful clear water and was able to snorkel and see exotic fish and sea creatures. I strongly recommend that people should visit the Maldives once in their lifetime.,The government has taken away the right for women to determine whether to have a child. I disagree with this controversial decision and I believe that the right to have an abortion should remain as the pregnancy may be from raper of abuse or have a serious deformity,"1,89","1,33",5cc5e61cf4ce060016cc1249,#NULL!,#NULL!,"100,00",1,1,,64,1,,england,4,,7,retired,1,2,#NULL!,1,1,1,#NULL!,#NULL!,#NULL!,,"2,69","4,00","1,14","2,00","1,50","3,33","1,67"
"After visiting the Phillipines where abortion is illegal, after saying I'm from the UK, they said ""that's so individualist, I wished I lived in a collectivist country"" but then I went into their libraries. Guess who's banning books? So the UK is more collectivist than it seems.","Women and LGBT people say ""if abortion is banned, what's getting banned next?"". Yes but check this!. What are they going to do increase the marriage rate? If a man comes home 3 hours late every day, is that violating the sanctity of marriage? You can't regulate a social contract.","4,78","1,00",58456eba000f1000010eb97c,6,2,"100,00",1,1,,31,5,,United Kingdom,2,,8,,5,1,#NULL!,#NULL!,1,#NULL!,#NULL!,#NULL!,1,gab,"5,19","5,00","2,71","3,67","4,50","3,40","2,13"
"what an amazing time I had on holiday the weather was perfect and the beaches were golden and unspoiled. The food was to die for an drink was reasoably priced so it was an unforgettable week.
It was a fare distance to travel too but worth every moment and penny..",I feel they a female has the right to choose whether abortions are correct for them as long as it is in a set time period from the conception. The  leaders of the country have no right to dictate to women that they can not choose .especialy when it could have been caused by rape,"2,56","2,78",5f9eb2b4530d3e45e450e42e,6,2,"100,00",1,1,,66,1,,United Kingdom,3,,1,,1,2,#NULL!,1,#NULL!,#NULL!,#NULL!,#NULL!,#NULL!,,"2,44","4,00","2,29","3,67","3,50","2,20","2,67"
I recently travelled to Europe and had the most amazing time volunteering at a vegan animal sanctuary! I really recommend volunteering if you can whenever you travel to a different country to have a more personal experience and give back to a cause you believe in,"This is really sad, controlling and most likely from a place of judgement. How could someone approve banning a persons right to not be pregnant, give birth and raise a child when they do not want to. I hate my government, always have always will.","2,22","1,33",5cbf52b5bba52700168cbe22,6,2,"100,00",1,2,,26,1,,England,4,,5,,4,2,1,#NULL!,#NULL!,#NULL!,#NULL!,#NULL!,#NULL!,,"2,69","4,00","1,43","3,00","3,75","3,20","1,60"
"Just sharing my thoughts on a recent visit to the stunning walled city of Dubrovnic in Croatia which I would highly recommend. Apart from it's incredible location, surrounded by the turquoise water of the Med, the small, winding streets are full of charm and character. Amazing!","The topic of abortion divides everyone, myself included. Ultimately though, I do believe a woman has the right to choose for herlself and we shouldn't judge people's decisions until we have walked in their shoes. I'd be interested to start a discussion and hear other's thoughts?","1,56","1,11",650ee2e6dd964612ea3efb6f,#NULL!,#NULL!,"100,00",1,2,,54,1,,United Kingdom,3,,8,,4,2,#NULL!,1,#NULL!,#NULL!,1,1,#NULL!,,"2,31","3,00","1,14","2,33","2,50","3,40","1,00"
"I've just go back from Spain, it was such a nicer place than London. The weather was amazing, it wasn't as crowded and it was nice walking around a city that wasn't in such a rush. On top of that the people were a lot nicer to look at!","It's a sad day today knowing that the government has banned abortion, but I can't say I'm surprised. This government is useless.","4,11","4,67",5630b79b733ea00011164946,6,2,"100,00",1,1,,26,1,,United Kingdom,2,,2,,5,1,#NULL!,#NULL!,#NULL!,#NULL!,#NULL!,#NULL!,1,Reddit,"3,94","4,00","3,00","4,33","2,50","3,53","3,07"
"Travel to a super beautiful place, with incredible people, sun and radiant beaches, white sands, a radiant sun with crystal clear waters where you see all kinds of fish, all kind of colors, you see starfish and turtles. It is incredible to see this paradise, north of the south,","I dont aproved  that the government has completey banned abortion in my country. There are times when it is needed for medical purpouse, social, sexual assault reasons. There are some reasons that you need to make abortion. There are some demands that supports abortion, the young","3,00","1,89",63f77f182fbf3ac66cbb362a,6,2,"100,00",1,1,,32,4,,england,2,,1,,5,1,#NULL!,#NULL!,1,#NULL!,1,#NULL!,#NULL!,,"3,94","3,00","2,43","2,67","3,25","2,47","3,53"
"I travel a lot for work, and I get to see all sorts of cool places. I didn't think the American south had as many hidden gems as it did, I think it's a beautiful region with some crazy cool people.","This is fucking stupid and scary. Restricting our bodily choices is a scary first step nto a nightmare. This is no longer our government, but something else imitating it. Our rights will continue to be stripped away","1,22","1,22",5db7e95a0b850e000f5e0b6f,6,2,"100,00",1,1,,30,1,,USA,4,,1,,5,2,#NULL!,1,#NULL!,#NULL!,#NULL!,#NULL!,1,reddit,"1,00","1,00","1,43","1,00","1,50","2,93","1,47"
"Lovely holiday with my partner on South West coast of England (Dorset). Very tranquil with lovely weather, it was really good to get out of the hustle and bustle of the city","Cannot believe the stance they have taken on this. This should be something that the individual decides, not the goveernment","3,33","2,67",6382a4cdf6fc083a8c910c7a,6,2,"100,00",1,1,,45,1,,England,2,,7,Homemaker,1,1,#NULL!,#NULL!,#NULL!,#NULL!,1,1,1,REDDIT,"1,38","5,00","1,71","4,00","1,75","3,00","1,47"
"Travel, whether real or imagined, enriches our souls. It's about embracing new experiences and finding wonder in the unknown","Banning abortion strips women of autonomy, risks lives, and disregards essential rights. It's a regressive step harming equality and freedom","3,11","3,67",651946edb04570f85b495092,#NULL!,#NULL!,"100,00",1,1,,22,1,,united kingdom,2,,1,,4,1,#NULL!,#NULL!,1,1,#NULL!,#NULL!,#NULL!,,"4,13","3,00","3,71","3,33","3,50","3,20","3,53"
"I started going regularly to a beautiful , peaceful area in the uk , where  I now call home. Even though I‚Äôm not fortunate enough yet to live there.   I always feel so calm there. even when my mind is feeling awful. 
 The fresh  sea air  , always  clears away negative thoughts.","I am disgusted. Life is very precious, although  why would  a government be allowed to make that judgement  for someone else.  If the person couldn‚Äôt cope or did not want a baby , it feels cruel to bring the baby into this world.","1,00","2,11",5edbaa3a56e98e05e908d8dd,#NULL!,#NULL!,"100,00",1,2,,62,1,,UK,4,,2,,3,6,#NULL!,#NULL!,#NULL!,#NULL!,#NULL!,#NULL!,1,Whatsapp,"3,63","5,00","1,43","4,00","1,00","3,07","3,27"